Municipality,Province,Gender,Registered voters (2019),Registered voters (2022),Change,Percentage change
Aborlan,Palawan,MALE,"12,592.0","15,065","2,473.0",19.64
Abra De Ilog,Occidental Mindoro,MALE,"9,631.0","10,333",702.0,7.29
Abucay,Bataan,MALE,"13,278.0","13,628",350.0,2.64
Abulug,Cagayan,MALE,"9,322.0","9,992",670.0,7.19
Abuyog,Leyte,MALE,"18,930.0","20,997","2,067.0",10.92
Adams,Ilocos Norte,MALE,914.0,"1,157",243.0,26.59
Agdangan,Quezon,MALE,"4,463.0","4,653",190.0,4.26
Aglipay,Quirino,MALE,"9,584.0","9,892",308.0,3.21
Agno,Pangasinan,MALE,"9,535.0","10,227",692.0,7.26
Agoncillo,Batangas,MALE,"13,072.0","13,775",703.0,5.38
Agoo,La Union,MALE,"20,271.0","22,022","1,751.0",8.64
Aguilar,Pangasinan,MALE,"13,498.0","14,655","1,157.0",8.57
Aguinaldo,Ifugao,MALE,"6,075.0","6,414",339.0,5.58
Agutaya,Palawan,MALE,"4,003.0","3,955",-48.0,-1.2
Ajuy,Iloilo,MALE,"16,639.0","17,544",905.0,5.44
Akbar,Basilan,MALE,"2,943.0","3,658",715.0,24.29
Al-Barka,Basilan,MALE,"4,284.0","5,797","1,513.0",35.32
Alabat,Quezon,MALE,"5,183.0","5,943",760.0,14.66
Alabel,Sarangani,MALE,"26,648.0","27,823","1,175.0",4.41
Alamada,Cotabato (North Cotabato),MALE,"19,835.0","21,778","1,943.0",9.8
Alaminos,Laguna,MALE,"13,996.0","15,466","1,470.0",10.5
Alaminos City,Pangasinan,MALE,"27,530.0","30,534","3,004.0",10.91
Alangalang,Leyte,MALE,"18,710.0","19,611",901.0,4.82
Albuera,Leyte,MALE,"13,800.0","14,582",782.0,5.67
Alburquerque,Bohol,MALE,"3,697.0","3,870",173.0,4.68
Alcala,Cagayan,MALE,"12,255.0","11,981",-274.0,-2.24
Alcala,Pangasinan,MALE,"14,429.0","15,490","1,061.0",7.35
Alcantara,Cebu,MALE,"5,681.0","5,992",311.0,5.47
Alcantara,Romblon,MALE,"5,433.0","5,760",327.0,6.02
Alcoy,Cebu,MALE,"6,468.0","7,139",671.0,10.37
Alegria,Cebu,MALE,"8,466.0","8,763",297.0,3.51
Alegria,Surigao Del Norte,MALE,"6,111.0","7,453","1,342.0",21.96
Aleosan,Cotabato (North Cotabato),MALE,"12,286.0","11,804",-482.0,-3.92
Alfonso,Cavite,MALE,"17,556.0","17,571",15.0,0.09
Alfonso Castaneda,Nueva Vizcaya,MALE,"3,211.0","3,276",65.0,2.02
Alfonso Lista (Potia),Ifugao,MALE,"9,642.0","10,839","1,197.0",12.41
Aliaga,Nueva Ecija,MALE,"22,009.0","24,860","2,851.0",12.95
Alicia,Bohol,MALE,"7,839.0","8,546",707.0,9.02
Alicia,Isabela,MALE,"21,883.0","23,863","1,980.0",9.05
Alicia,Zamboanga Sibugay,MALE,"13,621.0","13,290",-331.0,-2.43
Alilem,Ilocos Sur,MALE,"2,447.0","2,584",137.0,5.6
Alimodian,Iloilo,MALE,"12,208.0","12,877",669.0,5.48
Alitagtag,Batangas,MALE,"8,753.0","9,497",744.0,8.5
Allacapan,Cagayan,MALE,"11,067.0","10,895",-172.0,-1.55
Allen,Northern Samar,MALE,"10,546.0","10,702",156.0,1.48
Almagro,Samar (Western Samar),MALE,"5,426.0","5,319",-107.0,-1.97
Almeria,Biliran,MALE,"6,046.0","6,191",145.0,2.4
Aloguinsan,Cebu,MALE,"10,817.0","10,552",-265.0,-2.45
Aloran,Misamis Occidental,MALE,"10,591.0","10,537",-54.0,-0.51
Altavas,Aklan,MALE,"8,546.0","8,943",397.0,4.65
Alubijid,Misamis Oriental,MALE,"10,314.0","10,896",582.0,5.64
Amadeo,Cavite,MALE,"13,186.0","14,125",939.0,7.12
Amai Manabilang (Bumbaran),Lanao Del Sur,MALE,"2,963.0","3,193",230.0,7.76
Ambaguio,Nueva Vizcaya,MALE,"3,603.0","3,951",348.0,9.66
Amlan (Ayuquitan),Negros Oriental,MALE,"8,191.0","9,017",826.0,10.08
Ampatuan,Maguindanao,MALE,"7,950.0","9,291","1,341.0",16.87
Amulung,Cagayan,MALE,"15,492.0","16,270",778.0,5.02
Anahawan,Southern Leyte,MALE,"3,034.0","3,121",87.0,2.87
Anao,Tarlac,MALE,"4,079.0","4,451",372.0,9.12
Anda,Bohol,MALE,"6,618.0","6,877",259.0,3.91
Anda,Pangasinan,MALE,"13,207.0","13,442",235.0,1.78
Angadanan,Isabela,MALE,"14,203.0","15,043",840.0,5.91
Angat,Bulacan,MALE,"19,455.0","20,347",892.0,4.58
Angeles City,Pampanga,MALE,"92,939.0","96,035","3,096.0",3.33
Angono,Rizal,MALE,"35,183.0","32,179","-3,004.0",-8.54
Anilao,Iloilo,MALE,"9,218.0","9,616",398.0,4.32
Anini-Y,Antique,MALE,"6,577.0","6,955",378.0,5.75
Antequera,Bohol,MALE,"4,767.0","5,012",245.0,5.14
Antipas,Cotabato (North Cotabato),MALE,"9,025.0","9,054",29.0,0.32
Apalit,Pampanga,MALE,"27,777.0","29,811","2,034.0",7.32
Aparri,Cagayan,MALE,"17,326.0","18,652","1,326.0",7.65
Araceli,Palawan,MALE,"4,698.0","5,150",452.0,9.62
Arakan,Cotabato (North Cotabato),MALE,"15,475.0","16,777","1,302.0",8.41
Arayat,Pampanga,MALE,"34,975.0","35,644",669.0,1.91
Argao,Cebu,MALE,"24,576.0","27,815","3,239.0",13.18
Aringay,La Union,MALE,"15,062.0","16,312","1,250.0",8.3
Aritao,Nueva Vizcaya,MALE,"11,405.0","11,483",78.0,0.68
Aroroy,Masbate,MALE,"26,573.0","27,712","1,139.0",4.29
Arteche,Eastern Samar,MALE,"6,834.0","6,428",-406.0,-5.94
Asingan,Pangasinan,MALE,"18,831.0","19,927","1,096.0",5.82
Asipulo,Ifugao,MALE,"3,960.0","4,304",344.0,8.69
Asturias,Cebu,MALE,"17,647.0","18,088",441.0,2.5
Asuncion (Saug),Davao (Davao Del Norte),MALE,"18,388.0","21,149","2,761.0",15.02
Atimonan,Quezon,MALE,"16,676.0","18,441","1,765.0",10.58
Atok,Benguet,MALE,"5,979.0","6,273",294.0,4.92
Aurora,Isabela,MALE,"12,018.0","12,586",568.0,4.73
Aurora,Zamboanga Del Sur,MALE,"17,311.0","18,393","1,082.0",6.25
Ayungon,Negros Oriental,MALE,"14,440.0","15,098",658.0,4.56
Baao,Camarines Sur,MALE,"15,806.0","17,454","1,648.0",10.43
Babatngon,Leyte,MALE,"9,544.0","10,133",589.0,6.17
Bacacay,Albay,MALE,"23,843.0","24,143",300.0,1.26
Bacarra,Ilocos Norte,MALE,"10,527.0","11,094",567.0,5.39
Baclayon,Bohol,MALE,"6,747.0","7,001",254.0,3.76
Bacnotan,La Union,MALE,"13,221.0","13,717",496.0,3.75
Baco,Oriental Mindoro,MALE,"11,197.0","12,597","1,400.0",12.5
Bacolod,Lanao Del Norte,MALE,"7,309.0","7,605",296.0,4.05
Bacolod City,Negros Occidental,MALE,"146,080.0","153,467","7,387.0",5.06
Bacolod-Kalawi (Bacolod Grande),Lanao Del Sur,MALE,"3,327.0","4,091",764.0,22.96
Bacolor,Pampanga,MALE,"23,763.0","24,339",576.0,2.42
Bacong,Negros Oriental,MALE,"10,796.0","12,230","1,434.0",13.28
Bacoor City,Cavite,MALE,"136,308.0","132,848","-3,460.0",-2.54
Bacuag,Surigao Del Norte,MALE,"5,739.0","5,787",48.0,0.84
Bacungan (Leon T. Postigo),Zamboanga Del Norte,MALE,"9,182.0","9,484",302.0,3.29
Badian,Cebu,MALE,"13,214.0","13,848",634.0,4.8
Badiangan,Iloilo,MALE,"8,745.0","8,768",23.0,0.26
Badoc,Ilocos Norte,MALE,"10,793.0","11,113",320.0,2.96
Bagabag,Nueva Vizcaya,MALE,"9,959.0","10,977","1,018.0",10.22
Bagac,Bataan,MALE,"12,241.0","12,274",33.0,0.27
Bagamanoc,Catanduanes,MALE,"4,646.0","4,432",-214.0,-4.61
Baganga,Davao Oriental,MALE,"18,237.0","19,433","1,196.0",6.56
Baggao,Cagayan,MALE,"23,711.0","24,638",927.0,3.91
Bago City,Negros Occidental,MALE,"49,031.0","48,372",-659.0,-1.34
Baguio City,Benguet,MALE,"73,241.0","75,073","1,832.0",2.5
Bagulin,La Union,MALE,"4,758.0","5,141",383.0,8.05
Bagumbayan,Sultan Kudarat,MALE,"23,487.0","24,281",794.0,3.38
Bais City,Negros Oriental,MALE,"30,165.0","33,395","3,230.0",10.71
Bakun,Benguet,MALE,"5,391.0","5,677",286.0,5.31
Balabac,Palawan,MALE,"11,927.0","12,408",481.0,4.03
Balabagan,Lanao Del Sur,MALE,"7,882.0","8,849",967.0,12.27
Balagtas (Bigaa),Bulacan,MALE,"23,216.0","24,733","1,517.0",6.53
Balamban,Cebu,MALE,"26,597.0","26,702",105.0,0.39
Balanga  City,Bataan,MALE,"33,860.0","32,891",-969.0,-2.86
Balangiga,Eastern Samar,MALE,"5,415.0","5,490",75.0,1.39
Balangkayan,Eastern Samar,MALE,"3,825.0","3,960",135.0,3.53
Balaoan,La Union,MALE,"12,750.0","13,220",470.0,3.69
Balasan,Iloilo,MALE,"11,239.0","11,336",97.0,0.86
Balatan,Camarines Sur,MALE,"9,872.0","10,373",501.0,5.07
Balayan,Batangas,MALE,"26,140.0","27,852","1,712.0",6.55
Balbalan,Kalinga,MALE,"4,991.0","5,388",397.0,7.95
Baleno,Masbate,MALE,"9,854.0","9,509",-345.0,-3.5
Baler,Aurora,MALE,"12,930.0","13,962","1,032.0",7.98
Balete,Aklan,MALE,"9,018.0","8,914",-104.0,-1.15
Balete,Batangas,MALE,"6,914.0","7,288",374.0,5.41
Baliangao,Misamis Occidental,MALE,"6,500.0","6,228",-272.0,-4.18
Baliguian,Zamboanga Del Norte,MALE,"8,575.0","8,396",-179.0,-2.09
Balilihan,Bohol,MALE,"6,750.0","7,395",645.0,9.56
Balindong (Watu),Lanao Del Sur,MALE,"7,352.0","9,080","1,728.0",23.5
Balingasag,Misamis Oriental,MALE,"23,646.0","24,712","1,066.0",4.51
Balingoan,Misamis Oriental,MALE,"4,329.0","4,449",120.0,2.77
Baliuag,Bulacan,MALE,"48,526.0","51,243","2,717.0",5.6
Ballesteros,Cagayan,MALE,"9,918.0","11,135","1,217.0",12.27
Baloi,Lanao Del Norte,MALE,"10,023.0","10,324",301.0,3.0
Balud,Masbate,MALE,"13,414.0","14,167",753.0,5.61
Balungao,Pangasinan,MALE,"10,046.0","10,627",581.0,5.78
Bamban,Tarlac,MALE,"20,244.0","22,234","1,990.0",9.83
Bambang,Nueva Vizcaya,MALE,"15,902.0","16,691",789.0,4.96
Banate,Iloilo,MALE,"11,095.0","11,767",672.0,6.06
Banaue,Ifugao,MALE,"7,135.0","7,555",420.0,5.89
Banaybanay,Davao Oriental,MALE,"14,300.0","15,773","1,473.0",10.3
Banayoyo,Ilocos Sur,MALE,"3,057.0","3,236",179.0,5.86
Banga,Aklan,MALE,"13,725.0","14,507",782.0,5.7
Banga,South Cotabato,MALE,"25,546.0","27,864","2,318.0",9.07
Bangar,La Union,MALE,"11,907.0","12,000",93.0,0.78
Bangued,Abra,MALE,"15,822.0","17,251","1,429.0",9.03
Bangui,Ilocos Norte,MALE,"5,721.0","5,735",14.0,0.24
Bani,Pangasinan,MALE,"15,229.0","15,632",403.0,2.65
Banisilan,Cotabato (North Cotabato),MALE,"14,048.0","14,652",604.0,4.3
Banna (Espiritu),Ilocos Norte,MALE,"6,507.0","6,628",121.0,1.86
Bansalan,Davao Del Sur,MALE,"21,943.0","24,147","2,204.0",10.04
Bansud,Oriental Mindoro,MALE,"12,420.0","13,382",962.0,7.75
Bantay,Ilocos Sur,MALE,"10,825.0","11,391",566.0,5.23
Bantayan,Cebu,MALE,"21,981.0","23,906","1,925.0",8.76
Banton,Romblon,MALE,"1,948.0","1,938",-10.0,-0.51
Baras,Catanduanes,MALE,"5,720.0","5,748",28.0,0.49
Baras,Rizal,MALE,"19,725.0","22,286","2,561.0",12.98
Barbaza,Antique,MALE,"7,932.0","7,906",-26.0,-0.33
Barcelona,Sorsogon,MALE,"7,728.0","8,211",483.0,6.25
Barili,Cebu,MALE,"24,710.0","28,088","3,378.0",13.67
Barira,Maguindanao,MALE,"7,331.0","10,268","2,937.0",40.06
Barlig,Mountain Province,MALE,"2,203.0","2,311",108.0,4.9
Barobo,Surigao Del Sur,MALE,"16,334.0","18,392","2,058.0",12.6
Barotac Nuevo,Iloilo,MALE,"18,091.0","18,900",809.0,4.47
Barotac Viejo,Iloilo,MALE,"15,433.0","15,790",357.0,2.31
Baroy,Lanao Del Norte,MALE,"9,123.0","10,248","1,125.0",12.33
Barugo,Leyte,MALE,"11,330.0","12,067",737.0,6.5
Basay,Negros Oriental,MALE,"9,953.0","10,344",391.0,3.93
Basco,Batanes,MALE,"2,568.0","3,084",516.0,20.09
Basey,Samar (Western Samar),MALE,"18,643.0","20,475","1,832.0",9.83
Basilisa (Rizal),Dinagat Islands,MALE,"7,683.0","7,772",89.0,1.16
Basista,Pangasinan,MALE,"11,208.0","12,481","1,273.0",11.36
Basud,Camarines Norte,MALE,"12,812.0","13,665",853.0,6.66
Batac City,Ilocos Norte,MALE,"18,600.0","19,682","1,082.0",5.82
Batad,Iloilo,MALE,"7,460.0","7,771",311.0,4.17
Batan,Aklan,MALE,"11,889.0","11,995",106.0,0.89
Batangas City,Batangas,MALE,"104,896.0","103,182","-1,714.0",-1.63
Bataraza,Palawan,MALE,"23,847.0","28,003","4,156.0",17.43
Bato,Camarines Sur,MALE,"15,633.0","16,275",642.0,4.11
Bato,Catanduanes,MALE,"8,359.0","8,558",199.0,2.38
Bato,Leyte,MALE,"11,824.0","12,522",698.0,5.9
Batuan,Bohol,MALE,"4,785.0","4,946",161.0,3.36
Batuan,Masbate,MALE,"5,620.0","5,493",-127.0,-2.26
Bauan,Batangas,MALE,"26,876.0","28,099","1,223.0",4.55
Bauang,La Union,MALE,"22,253.0","25,715","3,462.0",15.56
Bauko,Mountain Province,MALE,"12,114.0","13,425","1,311.0",10.82
Baungon,Bukidnon,MALE,"12,922.0","14,394","1,472.0",11.39
Bautista,Pangasinan,MALE,"10,083.0","11,176","1,093.0",10.84
Bay,Laguna,MALE,"18,148.0","19,967","1,819.0",10.02
Bayabas,Surigao Del Sur,MALE,"3,327.0","3,570",243.0,7.3
Bayambang,Pangasinan,MALE,"36,791.0","40,674","3,883.0",10.55
Bayang,Lanao Del Sur,MALE,"8,353.0","9,059",706.0,8.45
Bayawan City (Tulong),Negros Oriental,MALE,"38,290.0","39,458","1,168.0",3.05
Baybay City,Leyte,MALE,"32,925.0","34,691","1,766.0",5.36
Bayog,Zamboanga Del Sur,MALE,"10,648.0","10,749",101.0,0.95
Bayombong,Nueva Vizcaya,MALE,"16,140.0","18,486","2,346.0",14.54
Bayugan  City,Agusan Del Sur,MALE,"29,761.0","32,442","2,681.0",9.01
Belison,Antique,MALE,"4,569.0","4,762",193.0,4.22
Benito Soliven,Isabela,MALE,"9,525.0","10,077",552.0,5.8
Besao,Mountain Province,MALE,"2,707.0","3,340",633.0,23.38
Bien Unido,Bohol,MALE,"9,222.0","9,492",270.0,2.93
Bilar,Bohol,MALE,"6,402.0","6,735",333.0,5.2
Biliran,Biliran,MALE,"6,431.0","6,605",174.0,2.71
Binalbagan,Negros Occidental,MALE,"21,368.0","22,284",916.0,4.29
Binalonan,Pangasinan,MALE,"18,229.0","20,090","1,861.0",10.21
Binangonan,Rizal,MALE,"65,866.0","62,479","-3,387.0",-5.14
Bindoy (Payabon),Negros Oriental,MALE,"12,515.0","12,890",375.0,3.0
Bingawan,Iloilo,MALE,"4,845.0","5,149",304.0,6.27
Binidayan,Lanao Del Sur,MALE,"4,940.0","6,565","1,625.0",32.89
Binmaley,Pangasinan,MALE,"29,560.0","31,447","1,887.0",6.38
Binuangan,Misamis Oriental,MALE,"3,281.0","3,532",251.0,7.65
Biri,Northern Samar,MALE,"4,496.0","4,875",379.0,8.43
Bislig City,Surigao Del Sur,MALE,"31,342.0","34,482","3,140.0",10.02
Boac,Marinduque,MALE,"16,413.0","18,224","1,811.0",11.03
Bobon,Northern Samar,MALE,"8,678.0","8,810",132.0,1.52
Bocaue,Bulacan,MALE,"32,107.0","36,296","4,189.0",13.05
Bogo City,Cebu,MALE,"25,885.0","27,409","1,524.0",5.89
Bokod,Benguet,MALE,"5,239.0","5,491",252.0,4.81
Bolinao,Pangasinan,MALE,"22,510.0","23,823","1,313.0",5.83
Boliney,Abra,MALE,"1,536.0","1,605",69.0,4.49
Boljoon,Cebu,MALE,"5,776.0","6,026",250.0,4.33
Bombon,Camarines Sur,MALE,"5,585.0","5,956",371.0,6.64
Bongabon,Nueva Ecija,MALE,"21,614.0","23,201","1,587.0",7.34
Bongabong,Oriental Mindoro,MALE,"21,878.0","23,417","1,539.0",7.03
Bongao,Tawi-Tawi,MALE,"27,857.0","30,155","2,298.0",8.25
Bonifacio,Misamis Occidental,MALE,"11,514.0","11,144",-370.0,-3.21
Bontoc,Mountain Province,MALE,"7,937.0","8,591",654.0,8.24
Bontoc,Southern Leyte,MALE,"10,224.0","10,460",236.0,2.31
Borbon,Cebu,MALE,"12,454.0","13,230",776.0,6.23
Borongan City,Eastern Samar,MALE,"24,039.0","25,696","1,657.0",6.89
Boston,Davao Oriental,MALE,"5,427.0","5,592",165.0,3.04
Botolan,Zambales,MALE,"20,275.0","21,836","1,561.0",7.7
Braulio E. Dujali,Davao (Davao Del Norte),MALE,"9,246.0","10,051",805.0,8.71
Brooke'S Point,Palawan,MALE,"21,499.0","23,807","2,308.0",10.74
Buadiposo-Buntong,Lanao Del Sur,MALE,"5,378.0","7,681","2,303.0",42.82
Bubong,Lanao Del Sur,MALE,"6,282.0","7,747","1,465.0",23.32
Bucay,Abra,MALE,"6,511.0","6,642",131.0,2.01
Bucloc,Abra,MALE,"1,067.0","1,053",-14.0,-1.31
Buenavista,Agusan Del Norte,MALE,"23,087.0","26,891","3,804.0",16.48
Buenavista,Bohol,MALE,"10,062.0","11,263","1,201.0",11.94
Buenavista,Guimaras,MALE,"17,257.0","18,086",829.0,4.8
Buenavista,Marinduque,MALE,"7,423.0","7,884",461.0,6.21
Buenavista,Quezon,MALE,"9,094.0","10,061",967.0,10.63
Bugallon,Pangasinan,MALE,"20,803.0","23,575","2,772.0",13.33
Bugasong,Antique,MALE,"11,124.0","11,025",-99.0,-0.89
Buguey,Cagayan,MALE,"8,724.0","9,799","1,075.0",12.32
Buguias,Benguet,MALE,"12,065.0","13,125","1,060.0",8.79
Buhi,Camarines Sur,MALE,"23,581.0","27,134","3,553.0",15.07
Bula,Camarines Sur,MALE,"19,765.0","22,039","2,274.0",11.51
Bulacan,Bulacan,MALE,"22,488.0","25,651","3,163.0",14.07
Bulalacao  (San Pedro),Oriental Mindoro,MALE,"11,437.0","12,925","1,488.0",13.01
Bulan,Sorsogon,MALE,"29,149.0","32,921","3,772.0",12.94
Buldon,Maguindanao,MALE,"10,146.0","11,388","1,242.0",12.24
Buluan,Maguindanao,MALE,"12,793.0","13,459",666.0,5.21
Bulusan,Sorsogon,MALE,"8,536.0","8,693",157.0,1.84
Bunawan,Agusan Del Sur,MALE,"12,078.0","12,749",671.0,5.56
Burauen,Leyte,MALE,"16,536.0","17,505",969.0,5.86
Burdeos,Quezon,MALE,"6,307.0","7,654","1,347.0",21.36
Burgos,Ilocos Norte,MALE,"3,662.0","3,767",105.0,2.87
Burgos,Ilocos Sur,MALE,"4,655.0","4,642",-13.0,-0.28
Burgos,Isabela,MALE,"8,780.0","9,227",447.0,5.09
Burgos,La Union,MALE,"3,323.0","3,579",256.0,7.7
Burgos,Pangasinan,MALE,"6,748.0","7,039",291.0,4.31
Burgos,Surigao Del Norte,MALE,"1,907.0","2,034",127.0,6.66
Buruanga,Aklan,MALE,"6,268.0","6,424",156.0,2.49
Bustos,Bulacan,MALE,"21,222.0","23,713","2,491.0",11.74
Busuanga,Palawan,MALE,"7,731.0","8,588",857.0,11.09
Butig,Lanao Del Sur,MALE,"5,992.0","7,255","1,263.0",21.08
Butuan City,Agusan Del Norte,MALE,"107,961.0","111,920","3,959.0",3.67
Buug,Zamboanga Sibugay,MALE,"12,835.0","13,044",209.0,1.63
Caba,La Union,MALE,"8,289.0","8,928",639.0,7.71
Cabadbaran City,Agusan Del Norte,MALE,"26,912.0","28,590","1,678.0",6.24
Cabagan,Isabela,MALE,"14,632.0","15,446",814.0,5.56
Cabanatuan City,Nueva Ecija,MALE,"103,788.0","105,194","1,406.0",1.35
Cabangan,Zambales,MALE,"8,266.0","9,015",749.0,9.06
Cabanglasan,Bukidnon,MALE,"11,161.0","12,179","1,018.0",9.12
Cabarroguis,Quirino,MALE,"10,197.0","10,774",577.0,5.66
Cabatuan,Iloilo,MALE,"16,116.0","17,692","1,576.0",9.78
Cabatuan,Isabela,MALE,"12,233.0","12,650",417.0,3.41
Cabiao,Nueva Ecija,MALE,"26,083.0","28,530","2,447.0",9.38
Cabucgayan,Biliran,MALE,"7,470.0","7,451",-19.0,-0.25
Cabugao,Ilocos Sur,MALE,"12,694.0","13,845","1,151.0",9.07
Cabusao,Camarines Sur,MALE,"6,640.0","7,326",686.0,10.33
Cabuyao City,Laguna,MALE,"95,890.0","109,693","13,803.0",14.39
Cadiz City,Negros Occidental,MALE,"45,722.0","46,905","1,183.0",2.59
Cagayan De Oro City,Misamis Oriental,MALE,"162,898.0","177,071","14,173.0",8.7
Cagayancillo,Palawan,MALE,"2,427.0","2,526",99.0,4.08
Cagdianao,Dinagat Islands,MALE,"6,607.0","7,070",463.0,7.01
Cagwait,Surigao Del Sur,MALE,"7,453.0","8,064",611.0,8.2
Caibiran,Biliran,MALE,"8,420.0","8,550",130.0,1.54
Cainta,Rizal,MALE,"76,945.0","73,125","-3,820.0",-4.96
Cajidiocan,Romblon,MALE,"6,662.0","7,019",357.0,5.36
Calabanga,Camarines Sur,MALE,"25,210.0","27,724","2,514.0",9.97
Calaca,Batangas,MALE,"25,471.0","28,949","3,478.0",13.65
Calamba,Misamis Occidental,MALE,"7,642.0","7,930",288.0,3.77
Calamba City,Laguna,MALE,"149,819.0","159,983","10,164.0",6.78
Calanasan (Bayag),Apayao,MALE,"4,405.0","4,581",176.0,4.0
Calanogas,Lanao Del Sur,MALE,"2,740.0","2,904",164.0,5.99
Calape,Bohol,MALE,"10,926.0","11,153",227.0,2.08
Calasiao,Pangasinan,MALE,"30,386.0","33,206","2,820.0",9.28
Calatagan,Batangas,MALE,"16,775.0","17,573",798.0,4.76
Calatrava,Negros Occidental,MALE,"27,252.0","26,820",-432.0,-1.59
Calatrava,Romblon,MALE,"3,643.0","3,836",193.0,5.3
Calauag,Quezon,MALE,"21,466.0","23,278","1,812.0",8.44
Calauan,Laguna,MALE,"19,057.0","21,589","2,532.0",13.29
Calayan,Cagayan,MALE,"5,125.0","4,920",-205.0,-4.0
Calbayog City,Samar (Western Samar),MALE,"64,103.0","68,557","4,454.0",6.95
Calbiga,Samar (Western Samar),MALE,"8,783.0","9,293",510.0,5.81
Calinog,Iloilo,MALE,"19,618.0","21,330","1,712.0",8.73
Calintaan,Occidental Mindoro,MALE,"8,315.0","9,415","1,100.0",13.23
Caloocan City,Ncr,MALE,"322,132.0","315,625","-6,507.0",-2.02
Calubian,Leyte,MALE,"11,921.0","12,331",410.0,3.44
Calumpit,Bulacan,MALE,"31,944.0","33,220","1,276.0",3.99
Caluya,Antique,MALE,"12,081.0","12,634",553.0,4.58
Camalaniugan,Cagayan,MALE,"7,942.0","8,222",280.0,3.53
Camalig,Albay,MALE,"20,594.0","21,944","1,350.0",6.56
Camaligan,Camarines Sur,MALE,"7,629.0","8,010",381.0,4.99
Camiling,Tarlac,MALE,"25,209.0","26,406","1,197.0",4.75
Can-Avid,Eastern Samar,MALE,"7,786.0","8,231",445.0,5.72
Canaman,Camarines Sur,MALE,"9,942.0","10,894",952.0,9.58
Candaba,Pampanga,MALE,"35,662.0","38,255","2,593.0",7.27
Candelaria,Quezon,MALE,"35,080.0","39,573","4,493.0",12.81
Candelaria,Zambales,MALE,"8,637.0","9,611",974.0,11.28
Candijay,Bohol,MALE,"10,619.0","10,683",64.0,0.6
Candon City,Ilocos Sur,MALE,"19,046.0","19,399",353.0,1.85
Candoni,Negros Occidental,MALE,"7,878.0","8,398",520.0,6.6
Canlaon City,Negros Oriental,MALE,"17,238.0","17,648",410.0,2.38
Cantilan,Surigao Del Sur,MALE,"11,675.0","12,368",693.0,5.94
Caoayan,Ilocos Sur,MALE,"6,523.0","6,842",319.0,4.89
Capalonga,Camarines Norte,MALE,"10,108.0","11,553","1,445.0",14.3
Capas,Tarlac,MALE,"34,360.0","41,364","7,004.0",20.38
Capoocan,Leyte,MALE,"11,487.0","12,199",712.0,6.2
Capul,Northern Samar,MALE,"4,940.0","5,522",582.0,11.78
Caraga,Davao Oriental,MALE,"13,886.0","15,123","1,237.0",8.91
Caramoan,Camarines Sur,MALE,"16,087.0","17,461","1,374.0",8.54
Caramoran,Catanduanes,MALE,"10,987.0","11,337",350.0,3.19
Carasi,Ilocos Norte,MALE,709.0,696,-13.0,-1.83
Carcar City,Cebu,MALE,"35,613.0","39,852","4,239.0",11.9
Cardona,Rizal,MALE,"13,865.0","15,339","1,474.0",10.63
Carigara,Leyte,MALE,"18,477.0","19,423",946.0,5.12
Carles,Iloilo,MALE,"22,453.0","25,111","2,658.0",11.84
Carmen,Agusan Del Norte,MALE,"7,412.0","7,699",287.0,3.87
Carmen,Bohol,MALE,"16,729.0","17,786","1,057.0",6.32
Carmen,Cebu,MALE,"17,109.0","19,102","1,993.0",11.65
Carmen,Cotabato (North Cotabato),MALE,"20,811.0","20,473",-338.0,-1.62
Carmen,Davao (Davao Del Norte),MALE,"21,899.0","24,050","2,151.0",9.82
Carmen,Surigao Del Sur,MALE,"4,070.0","4,259",189.0,4.64
Carmona,Cavite,MALE,"24,259.0","25,731","1,472.0",6.07
Carranglan,Nueva Ecija,MALE,"12,489.0","13,984","1,495.0",11.97
Carrascal,Surigao Del Sur,MALE,"8,102.0","8,703",601.0,7.42
Casiguran,Aurora,MALE,"8,677.0","9,032",355.0,4.09
Casiguran,Sorsogon,MALE,"10,448.0","11,174",726.0,6.95
Castilla,Sorsogon,MALE,"17,434.0","18,653","1,219.0",6.99
Castillejos,Zambales,MALE,"15,304.0","17,481","2,177.0",14.23
Cataingan,Masbate,MALE,"14,886.0","15,261",375.0,2.52
Catanauan,Quezon,MALE,"19,923.0","21,926","2,003.0",10.05
Catarman,Camiguin,MALE,"6,565.0","6,359",-206.0,-3.14
Catarman,Northern Samar,MALE,"28,337.0","30,596","2,259.0",7.97
Catbalogan City,Samar (Western Samar),MALE,"33,222.0","38,233","5,011.0",15.08
Cateel,Davao Oriental,MALE,"14,556.0","15,227",671.0,4.61
Catigbian,Bohol,MALE,"7,628.0","8,008",380.0,4.98
Catmon,Cebu,MALE,"9,074.0","10,223","1,149.0",12.66
Catubig,Northern Samar,MALE,"12,761.0","12,305",-456.0,-3.57
Cauayan,Negros Occidental,MALE,"27,416.0","28,728","1,312.0",4.79
Cauayan City,Isabela,MALE,"41,052.0","45,080","4,028.0",9.81
Cavinti,Laguna,MALE,"9,013.0","9,966",953.0,10.57
Cavite City,Cavite,MALE,"33,172.0","33,822",650.0,1.96
Cawayan,Masbate,MALE,"21,657.0","22,296",639.0,2.95
Cebu City,Cebu,MALE,"332,648.0","346,015","13,367.0",4.02
Cervantes,Ilocos Sur,MALE,"5,624.0","6,430",806.0,14.33
City Of Antipolo,Rizal,MALE,"223,181.0","216,583","-6,598.0",-2.96
City Of Binan,Laguna,MALE,"91,926.0","106,101","14,175.0",15.42
City Of Calapan,Oriental Mindoro,MALE,"39,631.0","48,519","8,888.0",22.43
City Of Kidapawan,Cotabato (North Cotabato),MALE,"41,425.0","45,149","3,724.0",8.99
City Of Las Pinas,Ncr,MALE,"144,943.0","127,760","-17,183.0",-11.86
City Of Ligao,Albay,MALE,"30,936.0","34,119","3,183.0",10.29
City Of Makati,Ncr,MALE,"196,319.0","202,147","5,828.0",2.97
City Of Malaybalay,Bukidnon,MALE,"53,745.0","59,690","5,945.0",11.06
City Of Mandaluyong,Ncr,MALE,"106,192.0","107,232","1,040.0",0.98
City Of Manila,Ncr,MALE,"500,619.0","531,017","30,398.0",6.07
City Of Marikina,Ncr,MALE,"108,607.0","116,347","7,740.0",7.13
City Of Muntinlupa,Ncr,MALE,"156,953.0","142,447","-14,506.0",-9.24
City Of Paranaque,Ncr,MALE,"149,220.0","157,203","7,983.0",5.35
City Of Pasig,Ncr,MALE,"197,999.0","204,932","6,933.0",3.5
City Of Passi,Iloilo,MALE,"26,515.0","28,393","1,878.0",7.08
City Of San Fernando,La Union,MALE,"35,175.0","37,342","2,167.0",6.16
City Of Santiago,Isabela,MALE,"50,484.0","54,546","4,062.0",8.05
City Of Tagum,Davao (Davao Del Norte),MALE,"74,511.0","83,890","9,379.0",12.59
City Of Tarlac,Tarlac,MALE,"100,312.0","103,156","2,844.0",2.84
City Of Valenzuela,Ncr,MALE,"173,922.0","205,542","31,620.0",18.18
Clarin,Bohol,MALE,"7,589.0","8,130",541.0,7.13
Clarin,Misamis Occidental,MALE,"12,874.0","12,646",-228.0,-1.77
Claver,Surigao Del Norte,MALE,"15,347.0","15,676",329.0,2.14
Claveria,Cagayan,MALE,"10,030.0","10,640",610.0,6.08
Claveria,Masbate,MALE,"12,483.0","12,590",107.0,0.86
Claveria,Misamis Oriental,MALE,"18,430.0","19,629","1,199.0",6.51
Columbio,Sultan Kudarat,MALE,"10,462.0","10,957",495.0,4.73
Compostela,Cebu,MALE,"15,857.0","18,094","2,237.0",14.11
Compostela,Davao De Oro (Compostela Valley),MALE,"27,197.0","31,145","3,948.0",14.52
Concepcion,Iloilo,MALE,"13,468.0","14,473","1,005.0",7.46
Concepcion,Misamis Occidental,MALE,"2,251.0","2,292",41.0,1.82
Concepcion,Romblon,MALE,"1,751.0","1,705",-46.0,-2.63
Concepcion,Tarlac,MALE,"48,633.0","53,326","4,693.0",9.65
Conner,Apayao,MALE,"8,168.0","8,921",753.0,9.22
Consolacion,Cebu,MALE,"40,942.0","45,881","4,939.0",12.06
Corcuera,Romblon,MALE,"3,326.0","3,227",-99.0,-2.98
Cordoba,Cebu,MALE,"18,974.0","22,713","3,739.0",19.71
Cordon,Isabela,MALE,"13,764.0","14,718",954.0,6.93
Corella,Bohol,MALE,"2,802.0","3,015",213.0,7.6
Coron,Palawan,MALE,"16,787.0","21,017","4,230.0",25.2
Cortes,Bohol,MALE,"5,756.0","5,722",-34.0,-0.59
Cortes,Surigao Del Sur,MALE,"6,550.0","6,769",219.0,3.34
Cotabato City,Maguindanao,MALE,"54,662.0","57,165","2,503.0",4.58
Cuartero,Capiz,MALE,"9,935.0","10,067",132.0,1.33
Cuenca,Batangas,MALE,"11,553.0","12,488",935.0,8.09
Culaba,Biliran,MALE,"5,292.0","5,439",147.0,2.78
Culasi,Antique,MALE,"13,666.0","14,174",508.0,3.72
Culion,Palawan,MALE,"6,861.0","7,296",435.0,6.34
Currimao,Ilocos Norte,MALE,"4,777.0","5,539",762.0,15.95
Cuyapo,Nueva Ecija,MALE,"20,743.0","22,052","1,309.0",6.31
Cuyo,Palawan,MALE,"7,057.0","7,312",255.0,3.61
Daanbantayan,Cebu,MALE,"25,844.0","26,972","1,128.0",4.36
Daet,Camarines Norte,MALE,"26,771.0","29,997","3,226.0",12.05
Dagami,Leyte,MALE,"12,969.0","13,244",275.0,2.12
Dagohoy,Bohol,MALE,"6,305.0","6,695",390.0,6.19
Daguioman,Abra,MALE,761.0,831,70.0,9.2
Dagupan City,Pangasinan,MALE,"57,868.0","68,709","10,841.0",18.73
Dalaguete,Cebu,MALE,"20,031.0","22,601","2,570.0",12.83
Damulog,Bukidnon,MALE,"9,791.0","10,972","1,181.0",12.06
Danao,Bohol,MALE,"6,842.0","6,940",98.0,1.43
Danao City,Cebu,MALE,"44,887.0","46,951","2,064.0",4.6
Dangcagan,Bukidnon,MALE,"8,747.0","9,196",449.0,5.13
Danglas,Abra,MALE,"1,597.0","1,770",173.0,10.83
Dao,Capiz,MALE,"11,121.0","11,551",430.0,3.87
Dapa,Surigao Del Norte,MALE,"10,772.0","11,991","1,219.0",11.32
Dapitan City,Zamboanga Del Norte,MALE,"28,516.0","34,233","5,717.0",20.05
Daraga (Locsin),Albay,MALE,"35,614.0","40,115","4,501.0",12.64
Daram,Samar (Western Samar),MALE,"15,268.0","14,933",-335.0,-2.19
Dasmarinas City,Cavite,MALE,"175,824.0","181,300","5,476.0",3.11
Dasol,Pangasinan,MALE,"11,364.0","11,783",419.0,3.69
Datu Abdullah Sangki,Maguindanao,MALE,"9,502.0","12,769","3,267.0",34.38
Datu Anggal Midtimbang,Maguindanao,MALE,"4,977.0","7,397","2,420.0",48.62
Datu Blah T. Sinsuat,Maguindanao,MALE,"6,467.0","8,344","1,877.0",29.02
Datu Hoffer Ampatuan,Maguindanao,MALE,"3,821.0","6,038","2,217.0",58.02
Datu Odin Sinsuat (Dinaig),Maguindanao,MALE,"36,332.0","41,962","5,630.0",15.5
Datu Paglas,Maguindanao,MALE,"10,091.0","11,992","1,901.0",18.84
Datu Piang,Maguindanao,MALE,"7,454.0","9,386","1,932.0",25.92
Datu Salibo,Maguindanao,MALE,"5,148.0","7,943","2,795.0",54.29
Datu Saudi Ampatuan,Maguindanao,MALE,"8,979.0","10,964","1,985.0",22.11
Datu Unsay,Maguindanao,MALE,"3,897.0","5,291","1,394.0",35.77
Dauin,Negros Oriental,MALE,"10,276.0","10,835",559.0,5.44
Dauis,Bohol,MALE,"14,311.0","15,463","1,152.0",8.05
Davao City,Davao Del Sur,MALE,"462,882.0","469,589","6,707.0",1.45
Del Carmen,Surigao Del Norte,MALE,"6,145.0","6,156",11.0,0.18
Del Gallego,Camarines Sur,MALE,"8,291.0","9,286",995.0,12.0
Delfin Albano (Magsaysay),Isabela,MALE,"9,284.0","9,365",81.0,0.87
Diadi,Nueva Vizcaya,MALE,"5,724.0","6,003",279.0,4.87
Diffun,Quirino,MALE,"14,901.0","15,528",627.0,4.21
Digos City,Davao Del Sur,MALE,"55,221.0","59,321","4,100.0",7.42
Dilasag,Aurora,MALE,"5,468.0","5,752",284.0,5.19
Dimasalang,Masbate,MALE,"8,728.0","8,927",199.0,2.28
Dimataling,Zamboanga Del Sur,MALE,"10,868.0","12,086","1,218.0",11.21
Dimiao,Bohol,MALE,"5,569.0","5,587",18.0,0.32
Dinagat,Dinagat Islands,MALE,"4,126.0","4,230",104.0,2.52
Dinalungan,Aurora,MALE,"4,569.0","4,643",74.0,1.62
Dinalupihan,Bataan,MALE,"33,816.0","36,017","2,201.0",6.51
Dinapigue,Isabela,MALE,"2,836.0","2,453",-383.0,-13.5
Dinas,Zamboanga Del Sur,MALE,"10,790.0","12,383","1,593.0",14.76
Dingalan,Aurora,MALE,"8,570.0","9,610","1,040.0",12.14
Dingle,Iloilo,MALE,"13,334.0","13,945",611.0,4.58
Dingras,Ilocos Norte,MALE,"12,938.0","13,363",425.0,3.28
Dipaculao,Aurora,MALE,"10,284.0","10,728",444.0,4.32
Diplahan,Zamboanga Sibugay,MALE,"10,497.0","10,690",193.0,1.84
Dipolog City,Zamboanga Del Norte,MALE,"41,498.0","43,672","2,174.0",5.24
Ditsaan-Ramain,Lanao Del Sur,MALE,"8,903.0","10,295","1,392.0",15.64
Divilacan,Isabela,MALE,"2,216.0","2,261",45.0,2.03
Dolores,Abra,MALE,"4,185.0","4,447",262.0,6.26
Dolores,Eastern Samar,MALE,"14,770.0","15,447",677.0,4.58
Dolores,Quezon,MALE,"8,850.0","10,072","1,222.0",13.81
Don Carlos,Bukidnon,MALE,"22,397.0","23,390",993.0,4.43
Don Marcelino,Davao Occidental,MALE,"12,758.0","13,187",429.0,3.36
Don Victoriano Chiongbian  (Don Mariano Marcos),Misamis Occidental,MALE,"3,321.0","3,934",613.0,18.46
Dona Remedios Trinidad,Bulacan,MALE,"12,300.0","12,563",263.0,2.14
Donsol,Sorsogon,MALE,"13,559.0","15,177","1,618.0",11.93
Duenas,Iloilo,MALE,"10,691.0","11,293",602.0,5.63
Duero,Bohol,MALE,"6,851.0","7,068",217.0,3.17
Dulag,Leyte,MALE,"16,318.0","16,826",508.0,3.11
Dumaguete City,Negros Oriental,MALE,"41,980.0","43,351","1,371.0",3.27
Dumalag,Capiz,MALE,"10,734.0","10,451",-283.0,-2.64
Dumalinao,Zamboanga Del Sur,MALE,"10,609.0","10,964",355.0,3.35
Dumalneg,Ilocos Norte,MALE,"1,029.0","1,051",22.0,2.14
Dumangas,Iloilo,MALE,"23,154.0","24,756","1,602.0",6.92
Dumanjug,Cebu,MALE,"18,345.0","19,690","1,345.0",7.33
Dumaran,Palawan,MALE,"7,310.0","7,703",393.0,5.38
Dumarao,Capiz,MALE,"14,781.0","15,922","1,141.0",7.72
Dumingag,Zamboanga Del Sur,MALE,"14,686.0","15,943","1,257.0",8.56
Dupax Del Norte,Nueva Vizcaya,MALE,"8,299.0","9,549","1,250.0",15.06
Dupax Del Sur,Nueva Vizcaya,MALE,"6,770.0","7,395",625.0,9.23
Echague,Isabela,MALE,"27,649.0","29,813","2,164.0",7.83
El Nido (Bacuit),Palawan,MALE,"14,331.0","17,485","3,154.0",22.01
El Salvador City,Misamis Oriental,MALE,"19,892.0","22,313","2,421.0",12.17
Enrile,Cagayan,MALE,"10,440.0","11,457","1,017.0",9.74
Enrique B. Magalona (Saravia),Negros Occidental,MALE,"19,520.0","20,539","1,019.0",5.22
Enrique Villanueva,Siquijor,MALE,"2,650.0","2,654",4.0,0.15
Escalante City,Negros Occidental,MALE,"30,398.0","30,573",175.0,0.58
Esperanza,Agusan Del Sur,MALE,"16,174.0","16,869",695.0,4.3
Esperanza,Masbate,MALE,"6,190.0","6,377",187.0,3.02
Esperanza,Sultan Kudarat,MALE,"19,273.0","21,604","2,331.0",12.09
Estancia,Iloilo,MALE,"16,139.0","17,288","1,149.0",7.12
Famy,Laguna,MALE,"6,309.0","7,088",779.0,12.35
Ferrol,Romblon,MALE,"2,214.0","2,487",273.0,12.33
Flora,Apayao,MALE,"5,654.0","5,853",199.0,3.52
Floridablanca,Pampanga,MALE,"32,124.0","34,886","2,762.0",8.6
Gabaldon (Bitulok And Sabani),Nueva Ecija,MALE,"10,921.0","12,248","1,327.0",12.15
Gainza,Camarines Sur,MALE,"4,431.0","4,785",354.0,7.99
Galimuyod,Ilocos Sur,MALE,"3,714.0","3,823",109.0,2.93
Gamay,Northern Samar,MALE,"8,571.0","9,061",490.0,5.72
Gamu,Isabela,MALE,"9,619.0","10,255",636.0,6.61
Ganassi,Lanao Del Sur,MALE,"4,475.0","6,058","1,583.0",35.37
Gandara,Samar (Western Samar),MALE,"12,902.0","13,488",586.0,4.54
Gapan City,Nueva Ecija,MALE,"43,249.0","44,803","1,554.0",3.59
Garchitorena,Camarines Sur,MALE,"8,758.0","9,290",532.0,6.07
Garcia Hernandez,Bohol,MALE,"8,078.0","9,049",971.0,12.02
Gasan,Marinduque,MALE,"11,114.0","11,779",665.0,5.98
Gattaran,Cagayan,MALE,"17,049.0","17,594",545.0,3.2
Gen. Mariano Alvarez,Cavite,MALE,"42,286.0","42,917",631.0,1.49
Gen. S. K. Pendatun,Maguindanao,MALE,"8,174.0","10,435","2,261.0",27.66
General Emilio Aguinaldo,Cavite,MALE,"7,394.0","8,369",975.0,13.19
General Luna,Quezon,MALE,"7,977.0","8,795",818.0,10.25
General Luna,Surigao Del Norte,MALE,"7,402.0","9,334","1,932.0",26.1
General Macarthur,Eastern Samar,MALE,"5,330.0","5,346",16.0,0.3
General Mamerto Natividad,Nueva Ecija,MALE,"13,578.0","14,802","1,224.0",9.01
General Nakar,Quezon,MALE,"10,983.0","13,121","2,138.0",19.47
General Santos City  (Dadiangas),South Cotabato,MALE,"139,872.0","168,872","29,000.0",20.73
General Tinio  (Papaya),Nueva Ecija,MALE,"17,920.0","20,048","2,128.0",11.88
General Trias City,Cavite,MALE,"75,067.0","86,265","11,198.0",14.92
Gerona,Tarlac,MALE,"27,148.0","28,281","1,133.0",4.17
Gigaquit,Surigao Del Norte,MALE,"6,403.0","7,837","1,434.0",22.4
Gigmoto,Catanduanes,MALE,"3,929.0","3,933",4.0,0.1
Ginatilan,Cebu,MALE,"6,492.0","6,728",236.0,3.64
Gingoog City,Misamis Oriental,MALE,"43,576.0","47,119","3,543.0",8.13
Giporlos,Eastern Samar,MALE,"5,277.0","5,424",147.0,2.79
Gitagum,Misamis Oriental,MALE,"7,015.0","7,543",528.0,7.53
Glan,Sarangani,MALE,"34,849.0","39,677","4,828.0",13.85
Gloria,Oriental Mindoro,MALE,"14,980.0","16,491","1,511.0",10.09
Goa,Camarines Sur,MALE,"17,134.0","19,289","2,155.0",12.58
Godod,Zamboanga Del Norte,MALE,"6,173.0","6,150",-23.0,-0.37
Gonzaga,Cagayan,MALE,"12,673.0","13,511",838.0,6.61
Governor Generoso,Davao Oriental,MALE,"18,424.0","20,808","2,384.0",12.94
Gregorio Del Pilar (Concepcion),Ilocos Sur,MALE,"1,851.0","1,856",5.0,0.27
Guagua,Pampanga,MALE,"31,134.0","30,870",-264.0,-0.85
Gubat,Sorsogon,MALE,"18,644.0","19,980","1,336.0",7.17
Guiguinto,Bulacan,MALE,"31,535.0","35,798","4,263.0",13.52
Guihulngan City,Negros Oriental,MALE,"30,244.0","28,658","-1,586.0",-5.24
Guimba,Nueva Ecija,MALE,"35,635.0","38,871","3,236.0",9.08
Guimbal,Iloilo,MALE,"10,031.0","11,495","1,464.0",14.59
Guinayangan,Quezon,MALE,"13,214.0","14,110",896.0,6.78
Guindulman,Bohol,MALE,"11,347.0","12,030",683.0,6.02
Guindulungan,Maguindanao,MALE,"4,792.0","6,532","1,740.0",36.31
Guinobatan,Albay,MALE,"26,233.0","28,263","2,030.0",7.74
Guinsiliban,Camiguin,MALE,"2,846.0","2,707",-139.0,-4.88
Guipos,Zamboanga Del Sur,MALE,"7,211.0","8,230","1,019.0",14.13
Guiuan,Eastern Samar,MALE,"18,280.0","18,598",318.0,1.74
Gumaca,Quezon,MALE,"19,239.0","22,792","3,553.0",18.47
Gutalac,Zamboanga Del Norte,MALE,"11,811.0","12,650",839.0,7.1
Hadji Mohammad Ajul,Basilan,MALE,"5,664.0","6,302",638.0,11.26
Hadji Muhtamad,Basilan,MALE,"4,968.0","5,963",995.0,20.03
Hadji Panglima Tahil (Marunggas),Sulu,MALE,"2,099.0","2,638",539.0,25.68
Hagonoy,Bulacan,MALE,"37,173.0","39,265","2,092.0",5.63
Hagonoy,Davao Del Sur,MALE,"17,615.0","17,938",323.0,1.83
Hamtic,Antique,MALE,"14,034.0","14,717",683.0,4.87
Hermosa,Bataan,MALE,"22,233.0","24,112","1,879.0",8.45
Hernani,Eastern Samar,MALE,"3,456.0","3,559",103.0,2.98
Hilongos,Leyte,MALE,"21,070.0","21,895",825.0,3.92
Himamaylan City,Negros Occidental,MALE,"33,556.0","36,801","3,245.0",9.67
Hinabangan,Samar (Western Samar),MALE,"5,835.0","5,994",159.0,2.72
Hinatuan,Surigao Del Sur,MALE,"15,166.0","16,762","1,596.0",10.52
Hindang,Leyte,MALE,"7,495.0","7,481",-14.0,-0.19
Hingyon,Ifugao,MALE,"4,302.0","4,748",446.0,10.37
Hinigaran,Negros Occidental,MALE,"25,949.0","25,881",-68.0,-0.26
Hinoba-An (Asia),Negros Occidental,MALE,"17,106.0","19,828","2,722.0",15.91
Hinunangan,Southern Leyte,MALE,"10,750.0","10,856",106.0,0.99
Hinundayan,Southern Leyte,MALE,"4,736.0","4,834",98.0,2.07
Hungduan,Ifugao,MALE,"3,257.0","3,332",75.0,2.3
Iba,Zambales,MALE,"15,713.0","17,523","1,810.0",11.52
Ibaan,Batangas,MALE,"19,508.0","20,171",663.0,3.4
Ibajay,Aklan,MALE,"15,377.0","16,476","1,099.0",7.15
Igbaras,Iloilo,MALE,"10,279.0","10,436",157.0,1.53
Iguig,Cagayan,MALE,"8,174.0","8,934",760.0,9.3
Ilagan City,Isabela,MALE,"48,283.0","50,088","1,805.0",3.74
Iligan City,Lanao Del Norte,MALE,"87,162.0","87,615",453.0,0.52
Ilog,Negros Occidental,MALE,"17,831.0","17,189",-642.0,-3.6
Iloilo City,Iloilo,MALE,"137,996.0","156,594","18,598.0",13.48
Imelda,Zamboanga Sibugay,MALE,"8,383.0","8,569",186.0,2.22
Impasug-Ong,Bukidnon,MALE,"14,011.0","16,828","2,817.0",20.11
Imus City,Cavite,MALE,"96,368.0","100,519","4,151.0",4.31
Inabanga,Bohol,MALE,"14,551.0","15,780","1,229.0",8.45
Indanan,Sulu,MALE,"15,537.0","16,565","1,028.0",6.62
Indang,Cavite,MALE,"22,551.0","21,689",-862.0,-3.82
Infanta,Pangasinan,MALE,"8,623.0","8,861",238.0,2.76
Infanta,Quezon,MALE,"17,465.0","22,015","4,550.0",26.05
Initao,Misamis Oriental,MALE,"10,807.0","11,296",489.0,4.52
Inopacan,Leyte,MALE,"7,541.0","7,956",415.0,5.5
Ipil,Zamboanga Sibugay,MALE,"26,553.0","30,756","4,203.0",15.83
Iriga City,Camarines Sur,MALE,"31,316.0","35,808","4,492.0",14.34
Irosin,Sorsogon,MALE,"17,722.0","19,423","1,701.0",9.6
Isabel,Leyte,MALE,"17,440.0","17,287",-153.0,-0.88
Isabela,Negros Occidental,MALE,"20,232.0","20,906",674.0,3.33
Isabela City,Basilan,MALE,"34,899.0","40,300","5,401.0",15.48
Island Garden City Of Samal,Davao (Davao Del Norte),MALE,"35,466.0","42,816","7,350.0",20.72
Isulan,Sultan Kudarat,MALE,"27,677.0","29,451","1,774.0",6.41
Itbayat,Batanes,MALE,973.0,"1,047",74.0,7.61
Itogon,Benguet,MALE,"16,390.0","17,424","1,034.0",6.31
Ivana,Batanes,MALE,579.0,654,75.0,12.95
Ivisan,Capiz,MALE,"10,212.0","10,696",484.0,4.74
Jabonga,Agusan Del Norte,MALE,"8,825.0","8,814",-11.0,-0.12
Jaen,Nueva Ecija,MALE,"24,992.0","27,880","2,888.0",11.56
Jagna,Bohol,MALE,"11,113.0","12,009",896.0,8.06
Jala-Jala,Rizal,MALE,"10,469.0","11,024",555.0,5.3
Jamindan,Capiz,MALE,"12,436.0","13,070",634.0,5.1
Janiuay,Iloilo,MALE,"18,830.0","20,703","1,873.0",9.95
Jaro,Leyte,MALE,"13,593.0","15,250","1,657.0",12.19
Jasaan,Misamis Oriental,MALE,"18,148.0","19,580","1,432.0",7.89
Javier (Bugho),Leyte,MALE,"9,139.0","9,025",-114.0,-1.25
Jetafe,Bohol,MALE,"10,421.0","10,812",391.0,3.75
Jiabong,Samar (Western Samar),MALE,"7,357.0","8,137",780.0,10.6
Jimalalud,Negros Oriental,MALE,"9,630.0","10,500",870.0,9.03
Jimenez,Misamis Occidental,MALE,"9,830.0","11,020","1,190.0",12.11
Jipapad,Eastern Samar,MALE,"3,403.0","3,728",325.0,9.55
Jolo,Sulu,MALE,"23,624.0","25,546","1,922.0",8.14
Jomalig,Quezon,MALE,"2,342.0","2,680",338.0,14.43
Jones,Isabela,MALE,"15,214.0","15,674",460.0,3.02
Jordan,Guimaras,MALE,"12,152.0","13,077",925.0,7.61
Jose Abad Santos (Trinidad),Davao Occidental,MALE,"21,975.0","24,676","2,701.0",12.29
Jose Dalman (Ponot),Zamboanga Del Norte,MALE,"9,883.0","11,022","1,139.0",11.52
Jose Panganiban,Camarines Norte,MALE,"16,502.0","17,990","1,488.0",9.02
Josefina,Zamboanga Del Sur,MALE,"3,847.0","4,274",427.0,11.1
Jovellar,Albay,MALE,"5,833.0","5,873",40.0,0.69
Juban,Sorsogon,MALE,"10,881.0","11,767",886.0,8.14
Julita,Leyte,MALE,"5,871.0","5,907",36.0,0.61
Kabacan,Cotabato (North Cotabato),MALE,"25,098.0","24,775",-323.0,-1.29
Kabankalan City,Negros Occidental,MALE,"52,263.0","51,525",-738.0,-1.41
Kabasalan,Zamboanga Sibugay,MALE,"16,900.0","16,684",-216.0,-1.28
Kabayan,Benguet,MALE,"4,875.0","5,379",504.0,10.34
Kabugao,Apayao,MALE,"5,824.0","6,167",343.0,5.89
Kabuntalan (Tumbao),Maguindanao,MALE,"5,518.0","6,408",890.0,16.13
Kadingilan,Bukidnon,MALE,"14,122.0","13,552",-570.0,-4.04
Kalamansig,Sultan Kudarat,MALE,"15,044.0","16,072","1,028.0",6.83
Kalawit,Zamboanga Del Norte,MALE,"8,626.0","8,391",-235.0,-2.72
Kalayaan,Laguna,MALE,"7,855.0","8,504",649.0,8.26
Kalayaan,Palawan,MALE,288.0,391,103.0,35.76
Kalibo,Aklan,MALE,"24,523.0","26,518","1,995.0",8.14
Kalilangan,Bukidnon,MALE,"12,872.0","13,923","1,051.0",8.17
Kalingalan Caluang,Sulu,MALE,"7,498.0","8,330",832.0,11.1
Kananga,Leyte,MALE,"18,783.0","19,702",919.0,4.89
Kapai,Lanao Del Sur,MALE,"3,423.0","4,977","1,554.0",45.4
Kapalong,Davao (Davao Del Norte),MALE,"23,601.0","25,783","2,182.0",9.25
Kapangan,Benguet,MALE,"6,935.0","7,480",545.0,7.86
Kapatagan,Lanao Del Norte,MALE,"15,954.0","16,744",790.0,4.95
Kapatagan,Lanao Del Sur,MALE,"5,173.0","5,890",717.0,13.86
Kasibu,Nueva Vizcaya,MALE,"12,213.0","13,165",952.0,7.79
Katipunan,Zamboanga Del Norte,MALE,"14,131.0","15,437","1,306.0",9.24
Kauswagan,Lanao Del Norte,MALE,"7,676.0","7,901",225.0,2.93
Kawayan,Biliran,MALE,"7,483.0","7,182",-301.0,-4.02
Kawit,Cavite,MALE,"24,859.0","29,866","5,007.0",20.14
Kayapa,Nueva Vizcaya,MALE,"7,921.0","8,297",376.0,4.75
Kiamba,Sarangani,MALE,"20,434.0","20,420",-14.0,-0.07
Kiangan,Ifugao,MALE,"6,045.0","6,390",345.0,5.71
Kibawe,Bukidnon,MALE,"13,291.0","14,004",713.0,5.36
Kiblawan,Davao Del Sur,MALE,"14,470.0","14,721",251.0,1.73
Kibungan,Benguet,MALE,"5,251.0","5,428",177.0,3.37
Kinoguitan,Misamis Oriental,MALE,"5,705.0","6,117",412.0,7.22
Kitaotao,Bukidnon,MALE,"15,099.0","15,901",802.0,5.31
Kitcharao,Agusan Del Norte,MALE,"7,080.0","7,328",248.0,3.5
Kolambugan,Lanao Del Norte,MALE,"8,370.0","8,687",317.0,3.79
Koronadal City,South Cotabato,MALE,"52,397.0","59,962","7,565.0",14.44
Kumalarang,Zamboanga Del Sur,MALE,"9,112.0","9,659",547.0,6.0
La Carlota City,Negros Occidental,MALE,"22,029.0","22,048",19.0,0.09
La Castellana,Negros Occidental,MALE,"22,081.0","25,422","3,341.0",15.13
La Libertad,Negros Oriental,MALE,"12,384.0","12,382",-2.0,-0.02
La Libertad,Zamboanga Del Norte,MALE,"3,184.0","3,117",-67.0,-2.1
La Paz,Abra,MALE,"5,181.0","5,716",535.0,10.33
La Paz,Agusan Del Sur,MALE,"10,585.0","10,730",145.0,1.37
La Paz,Leyte,MALE,"7,129.0","7,348",219.0,3.07
La Paz,Tarlac,MALE,"19,325.0","21,730","2,405.0",12.45
La Trinidad,Benguet,MALE,"19,747.0","23,032","3,285.0",16.64
Laak (San Vicente),Davao De Oro (Compostela Valley),MALE,"26,057.0","27,855","1,798.0",6.9
Labangan,Zamboanga Del Sur,MALE,"14,943.0","14,622",-321.0,-2.15
Labason,Zamboanga Del Norte,MALE,"14,335.0","15,150",815.0,5.69
Labo,Camarines Norte,MALE,"28,962.0","32,866","3,904.0",13.48
Labrador,Pangasinan,MALE,"8,896.0","9,332",436.0,4.9
Lacub,Abra,MALE,"1,631.0","1,657",26.0,1.59
Lagangilang,Abra,MALE,"5,130.0","5,479",349.0,6.8
Lagawe,Ifugao,MALE,"6,024.0","6,605",581.0,9.64
Lagayan,Abra,MALE,"1,572.0","1,784",212.0,13.49
Lagonglong,Misamis Oriental,MALE,"8,605.0","8,994",389.0,4.52
Lagonoy,Camarines Sur,MALE,"18,678.0","19,434",756.0,4.05
Laguindingan,Misamis Oriental,MALE,"9,934.0","10,552",618.0,6.22
Lake Sebu,South Cotabato,MALE,"20,658.0","23,914","3,256.0",15.76
Lakewood,Zamboanga Del Sur,MALE,"6,733.0","7,106",373.0,5.54
Lal-Lo,Cagayan,MALE,"13,914.0","14,054",140.0,1.01
Lala,Lanao Del Norte,MALE,"22,842.0","25,901","3,059.0",13.39
Lambayong (Mariano Marcos),Sultan Kudarat,MALE,"21,852.0","24,454","2,602.0",11.91
Lambunao,Iloilo,MALE,"19,461.0","20,090",629.0,3.23
Lamitan City,Basilan,MALE,"25,447.0","24,771",-676.0,-2.66
Lamut,Ifugao,MALE,"8,635.0","9,611",976.0,11.3
Langiden,Abra,MALE,"1,472.0","1,461",-11.0,-0.75
Languyan,Tawi-Tawi,MALE,"11,005.0","11,717",712.0,6.47
Lantapan,Bukidnon,MALE,"18,570.0","20,475","1,905.0",10.26
Lantawan,Basilan,MALE,"6,740.0","8,578","1,838.0",27.27
Lanuza,Surigao Del Sur,MALE,"4,911.0","5,191",280.0,5.7
Laoac,Pangasinan,MALE,"10,442.0","11,309",867.0,8.3
Laoag City,Ilocos Norte,MALE,"37,784.0","40,924","3,140.0",8.31
Laoang,Northern Samar,MALE,"20,553.0","19,061","-1,492.0",-7.26
Lapinig,Northern Samar,MALE,"4,406.0","4,164",-242.0,-5.49
Lapu-Lapu City (Opon),Cebu,MALE,"97,747.0","113,445","15,698.0",16.06
Lapuyan,Zamboanga Del Sur,MALE,"8,266.0","8,592",326.0,3.94
Larena,Siquijor,MALE,"5,766.0","6,006",240.0,4.16
Las Navas,Northern Samar,MALE,"13,025.0","14,325","1,300.0",9.98
Las Nieves,Agusan Del Norte,MALE,"10,371.0","11,024",653.0,6.3
Lasam,Cagayan,MALE,"13,341.0","13,699",358.0,2.68
Laua-An,Antique,MALE,"9,743.0","9,782",39.0,0.4
Laur,Nueva Ecija,MALE,"11,259.0","12,748","1,489.0",13.22
Laurel,Batangas,MALE,"12,063.0","12,941",878.0,7.28
Lavezares,Northern Samar,MALE,"11,195.0","10,853",-342.0,-3.05
Lawaan,Eastern Samar,MALE,"5,181.0","5,328",147.0,2.84
Lazi,Siquijor,MALE,"7,942.0","8,048",106.0,1.33
Lebak,Sultan Kudarat,MALE,"26,081.0","30,633","4,552.0",17.45
Leganes,Iloilo,MALE,"11,191.0","12,592","1,401.0",12.52
Legazpi City,Albay,MALE,"59,721.0","63,229","3,508.0",5.87
Lemery,Batangas,MALE,"28,595.0","27,730",-865.0,-3.03
Lemery,Iloilo,MALE,"10,492.0","11,093",601.0,5.73
Leon,Iloilo,MALE,"16,043.0","16,782",739.0,4.61
Leyte,Leyte,MALE,"13,992.0","14,627",635.0,4.54
Lezo,Aklan,MALE,"4,718.0","4,920",202.0,4.28
Lian,Batangas,MALE,"17,443.0","17,435",-8.0,-0.05
Lianga,Surigao Del Sur,MALE,"10,987.0","11,692",705.0,6.42
Libacao,Aklan,MALE,"9,622.0","9,821",199.0,2.07
Libagon,Southern Leyte,MALE,"5,394.0","5,365",-29.0,-0.54
Libertad,Antique,MALE,"5,513.0","5,734",221.0,4.01
Libertad,Misamis Oriental,MALE,"5,219.0","5,572",353.0,6.76
Libjo (Albor),Dinagat Islands,MALE,"6,094.0","6,326",232.0,3.81
Libmanan,Camarines Sur,MALE,"33,790.0","35,525","1,735.0",5.13
Libon,Albay,MALE,"22,962.0","22,494",-468.0,-2.04
Libona,Bukidnon,MALE,"14,208.0","15,000",792.0,5.57
Libungan,Cotabato (North Cotabato),MALE,"16,297.0","18,188","1,891.0",11.6
Licab,Nueva Ecija,MALE,"8,630.0","9,023",393.0,4.55
Licuan-Baay (Licuan),Abra,MALE,"2,426.0","2,406",-20.0,-0.82
Lidlidda,Ilocos Sur,MALE,"1,884.0","1,946",62.0,3.29
Lila,Bohol,MALE,"3,774.0","3,890",116.0,3.07
Liliw,Laguna,MALE,"11,386.0","12,459","1,073.0",9.42
Liloan,Cebu,MALE,"34,284.0","39,369","5,085.0",14.83
Liloan,Southern Leyte,MALE,"8,000.0","7,604",-396.0,-4.95
Liloy,Zamboanga Del Norte,MALE,"16,154.0","15,738",-416.0,-2.58
Limasawa,Southern Leyte,MALE,"2,203.0","2,174",-29.0,-1.32
Limay,Bataan,MALE,"26,469.0","27,977","1,508.0",5.7
Linamon,Lanao Del Norte,MALE,"5,990.0","5,946",-44.0,-0.73
Linapacan,Palawan,MALE,"5,171.0","5,732",561.0,10.85
Lingayen,Pangasinan,MALE,"32,087.0","35,342","3,255.0",10.14
Lingig,Surigao Del Sur,MALE,"11,849.0","12,729",880.0,7.43
Lipa City,Batangas,MALE,"93,352.0","102,862","9,510.0",10.19
Llanera,Nueva Ecija,MALE,"13,546.0","12,947",-599.0,-4.42
Llorente,Eastern Samar,MALE,"7,641.0","7,226",-415.0,-5.43
Loay,Bohol,MALE,"6,516.0","6,455",-61.0,-0.94
Lobo,Batangas,MALE,"13,667.0","13,972",305.0,2.23
Loboc,Bohol,MALE,"6,485.0","7,029",544.0,8.39
Looc,Occidental Mindoro,MALE,"4,007.0","3,950",-57.0,-1.42
Looc,Romblon,MALE,"7,226.0","7,547",321.0,4.44
Loon,Bohol,MALE,"14,648.0","14,825",177.0,1.21
Lope De Vega,Northern Samar,MALE,"5,880.0","6,461",581.0,9.88
Lopez,Quezon,MALE,"27,616.0","30,131","2,515.0",9.11
Lopez Jaena,Misamis Occidental,MALE,"8,997.0","9,213",216.0,2.4
Loreto,Agusan Del Sur,MALE,"13,441.0","14,290",849.0,6.32
Loreto,Dinagat Islands,MALE,"4,189.0","4,086",-103.0,-2.46
Los Banos,Laguna,MALE,"30,290.0","33,524","3,234.0",10.68
Luba,Abra,MALE,"2,634.0","2,546",-88.0,-3.34
Lubang,Occidental Mindoro,MALE,"6,837.0","7,048",211.0,3.09
Lubao,Pampanga,MALE,"39,585.0","41,734","2,149.0",5.43
Lubuagan,Kalinga,MALE,"4,136.0","5,540","1,404.0",33.95
Lucban,Quezon,MALE,"13,682.0","17,103","3,421.0",25.0
Lucena City,Quezon,MALE,"75,198.0","86,054","10,856.0",14.44
Lugait,Misamis Oriental,MALE,"6,740.0","7,193",453.0,6.72
Lugus,Sulu,MALE,"8,122.0","10,051","1,929.0",23.75
Luisiana,Laguna,MALE,"6,996.0","7,212",216.0,3.09
Lumba-Bayabao (Maguing),Lanao Del Sur,MALE,"7,025.0","8,306","1,281.0",18.23
Lumbaca-Unayan,Lanao Del Sur,MALE,"4,016.0","5,930","1,914.0",47.66
Lumban,Laguna,MALE,"10,448.0","11,149",701.0,6.71
Lumbatan,Lanao Del Sur,MALE,"6,926.0","7,820",894.0,12.91
Lumbayanague,Lanao Del Sur,MALE,"4,256.0","4,452",196.0,4.61
Luna,Apayao,MALE,"5,843.0","5,818",-25.0,-0.43
Luna,Isabela,MALE,"6,894.0","7,712",818.0,11.87
Luna,La Union,MALE,"11,689.0","12,543",854.0,7.31
Lupao,Nueva Ecija,MALE,"14,264.0","15,208",944.0,6.62
Lupi,Camarines Sur,MALE,"9,956.0","10,573",617.0,6.2
Lupon,Davao Oriental,MALE,"24,580.0","25,495",915.0,3.72
Lutayan,Sultan Kudarat,MALE,"17,276.0","18,859","1,583.0",9.16
Luuk,Sulu,MALE,"9,653.0","12,306","2,653.0",27.48
M'Lang,Cotabato (North Cotabato),MALE,"28,644.0","34,496","5,852.0",20.43
Ma-Ayon,Capiz,MALE,"13,265.0","13,739",474.0,3.57
Maasim,Sarangani,MALE,"19,861.0","21,494","1,633.0",8.22
Maasin,Iloilo,MALE,"11,804.0","12,394",590.0,5.0
Maasin City,Southern Leyte,MALE,"27,660.0","27,927",267.0,0.97
Mabalacat City,Pampanga,MALE,"54,014.0","61,611","7,597.0",14.06
Mabinay,Negros Oriental,MALE,"22,207.0","25,071","2,864.0",12.9
Mabini,Batangas,MALE,"15,715.0","16,059",344.0,2.19
Mabini,Bohol,MALE,"9,235.0","9,806",571.0,6.18
Mabini,Pangasinan,MALE,"8,306.0","8,855",549.0,6.61
Mabini (Dona Alicia),Davao De Oro (Compostela Valley),MALE,"13,383.0","14,869","1,486.0",11.1
Mabitac,Laguna,MALE,"7,230.0","8,060",830.0,11.48
Mabuhay,Zamboanga Sibugay,MALE,"7,328.0","7,656",328.0,4.48
Macabebe,Pampanga,MALE,"22,486.0","21,556",-930.0,-4.14
Macalelon,Quezon,MALE,"8,595.0","8,836",241.0,2.8
Macarthur,Leyte,MALE,"7,521.0","8,244",723.0,9.61
Maco,Davao De Oro (Compostela Valley),MALE,"26,727.0","30,490","3,763.0",14.08
Maconacon,Isabela,MALE,"1,544.0","1,718",174.0,11.27
Macrohon,Southern Leyte,MALE,"8,889.0","8,924",35.0,0.39
Madalag,Aklan,MALE,"6,503.0","6,808",305.0,4.69
Madalum,Lanao Del Sur,MALE,"5,322.0","6,292",970.0,18.23
Madamba,Lanao Del Sur,MALE,"4,015.0","4,743",728.0,18.13
Maddela,Quirino,MALE,"11,921.0","12,872",951.0,7.98
Madrid,Surigao Del Sur,MALE,"5,686.0","6,664",978.0,17.2
Madridejos,Cebu,MALE,"13,137.0","14,180","1,043.0",7.94
Magalang,Pampanga,MALE,"32,744.0","38,864","6,120.0",18.69
Magallanes,Agusan Del Norte,MALE,"8,352.0","8,544",192.0,2.3
Magallanes,Cavite,MALE,"7,316.0","7,761",445.0,6.08
Magallanes,Sorsogon,MALE,"11,338.0","12,290",952.0,8.4
Magarao,Camarines Sur,MALE,"9,446.0","10,195",749.0,7.93
Magdalena,Laguna,MALE,"7,989.0","8,870",881.0,11.03
Magdiwang,Romblon,MALE,"4,850.0","5,046",196.0,4.04
Magpet,Cotabato (North Cotabato),MALE,"18,093.0","32,298","14,205.0",78.51
Magsaysay,Davao Del Sur,MALE,"18,780.0","19,733",953.0,5.07
Magsaysay,Lanao Del Norte,MALE,"4,743.0","5,940","1,197.0",25.24
Magsaysay,Occidental Mindoro,MALE,"10,406.0","11,580","1,174.0",11.28
Magsaysay,Palawan,MALE,"3,777.0","3,839",62.0,1.64
Magsaysay (Linugos),Misamis Oriental,MALE,"11,638.0","12,566",928.0,7.97
Magsingal,Ilocos Sur,MALE,"9,523.0","10,327",804.0,8.44
Maguing,Lanao Del Sur,MALE,"9,369.0","10,553","1,184.0",12.64
Mahaplag,Leyte,MALE,"9,886.0","9,780",-106.0,-1.07
Mahatao,Batanes,MALE,609.0,763,154.0,25.29
Mahayag,Zamboanga Del Sur,MALE,"14,913.0","16,889","1,976.0",13.25
Mahinog,Camiguin,MALE,"5,020.0","5,060",40.0,0.8
Maigo,Lanao Del Norte,MALE,"7,170.0","7,374",204.0,2.85
Maimbung,Sulu,MALE,"13,251.0","16,966","3,715.0",28.04
Mainit,Surigao Del Norte,MALE,"10,193.0","10,530",337.0,3.31
Maitum,Sarangani,MALE,"16,942.0","15,047","-1,895.0",-11.19
Majayjay,Laguna,MALE,"9,585.0","10,171",586.0,6.11
Makato,Aklan,MALE,"9,951.0","10,618",667.0,6.7
Makilala,Cotabato (North Cotabato),MALE,"26,574.0","19,263","-7,311.0",-27.51
Malabang,Lanao Del Sur,MALE,"9,702.0","18,369","8,667.0",89.33
Malabon City,Ncr,MALE,"103,091.0","121,016","17,925.0",17.39
Malabuyoc,Cebu,MALE,"7,239.0","7,403",164.0,2.27
Malalag,Davao Del Sur,MALE,"12,538.0","13,129",591.0,4.71
Malangas,Zamboanga Sibugay,MALE,"10,787.0","11,076",289.0,2.68
Malapatan,Sarangani,MALE,"21,252.0","22,607","1,355.0",6.38
Malasiqui,Pangasinan,MALE,"39,740.0","42,467","2,727.0",6.86
Malay,Aklan,MALE,"22,124.0","22,549",425.0,1.92
Malibcong,Abra,MALE,"1,663.0","1,684",21.0,1.26
Malilipot,Albay,MALE,"13,868.0","15,145","1,277.0",9.21
Malimono,Surigao Del Norte,MALE,"6,987.0","7,377",390.0,5.58
Malinao,Aklan,MALE,"7,793.0","8,174",381.0,4.89
Malinao,Albay,MALE,"15,561.0","16,371",810.0,5.21
Malita,Davao Occidental,MALE,"33,865.0","34,625",760.0,2.24
Malitbog,Bukidnon,MALE,"9,208.0","9,893",685.0,7.44
Malitbog,Southern Leyte,MALE,"6,577.0","6,464",-113.0,-1.72
Mallig,Isabela,MALE,"10,025.0","10,842",817.0,8.15
Malolos City,Bulacan,MALE,"57,380.0","59,205","1,825.0",3.18
Malungon,Sarangani,MALE,"37,497.0","38,809","1,312.0",3.5
Maluso,Basilan,MALE,"12,706.0","15,187","2,481.0",19.53
Malvar,Batangas,MALE,"15,697.0","18,115","2,418.0",15.4
Mamasapano,Maguindanao,MALE,"6,124.0","7,841","1,717.0",28.04
Mambajao,Camiguin,MALE,"12,070.0","12,661",591.0,4.9
Mamburao,Occidental Mindoro,MALE,"14,226.0","15,185",959.0,6.74
Mambusao,Capiz,MALE,"14,097.0","14,066",-31.0,-0.22
Manabo,Abra,MALE,"4,194.0","4,321",127.0,3.03
Manaoag,Pangasinan,MALE,"23,020.0","23,541",521.0,2.26
Manapla,Negros Occidental,MALE,"15,559.0","16,447",888.0,5.71
Manay,Davao Oriental,MALE,"14,147.0","15,809","1,662.0",11.75
Mandaon,Masbate,MALE,"13,105.0","13,614",509.0,3.88
Mandaue City,Cebu,MALE,"108,306.0","113,374","5,068.0",4.68
Mangaldan,Pangasinan,MALE,"31,815.0","33,695","1,880.0",5.91
Mangatarem,Pangasinan,MALE,"25,166.0","26,986","1,820.0",7.23
Mangudadatu,Maguindanao,MALE,"6,869.0","7,583",714.0,10.39
Manito,Albay,MALE,"8,113.0","8,812",699.0,8.62
Manjuyod,Negros Oriental,MALE,"14,498.0","14,751",253.0,1.75
Mankayan,Benguet,MALE,"10,853.0","11,107",254.0,2.34
Manolo Fortich,Bukidnon,MALE,"30,137.0","32,248","2,111.0",7.0
Mansalay,Oriental Mindoro,MALE,"14,466.0","15,908","1,442.0",9.97
Manticao,Misamis Oriental,MALE,"10,446.0","10,922",476.0,4.56
Manukan,Zamboanga Del Norte,MALE,"12,251.0","12,961",710.0,5.8
Mapanas,Northern Samar,MALE,"6,189.0","5,885",-304.0,-4.91
Mapandan,Pangasinan,MALE,"11,933.0","12,875",942.0,7.89
Mapun (Cagayan De Tawi-Tawi),Tawi-Tawi,MALE,"8,836.0","8,954",118.0,1.34
Marabut,Samar (Western Samar),MALE,"7,270.0","7,006",-264.0,-3.63
Maragondon,Cavite,MALE,"14,095.0","16,198","2,103.0",14.92
Maragusan (San Mariano),Davao De Oro (Compostela Valley),MALE,"20,486.0","22,556","2,070.0",10.1
Maramag,Bukidnon,MALE,"29,800.0","33,004","3,204.0",10.75
Marantao,Lanao Del Sur,MALE,"11,457.0","16,579","5,122.0",44.71
Marawi City,Lanao Del Sur,MALE,"30,319.0","38,708","8,389.0",27.67
Marcos,Ilocos Norte,MALE,"6,470.0","6,769",299.0,4.62
Margosatubig,Zamboanga Del Sur,MALE,"10,788.0","12,216","1,428.0",13.24
Maria,Siquijor,MALE,"5,544.0","5,548",4.0,0.07
Maria Aurora,Aurora,MALE,"13,435.0","14,173",738.0,5.49
Maribojoc,Bohol,MALE,"6,892.0","7,236",344.0,4.99
Marihatag,Surigao Del Sur,MALE,"6,746.0","7,592",846.0,12.54
Marilao,Bulacan,MALE,"42,831.0","46,603","3,772.0",8.81
Maripipi,Biliran,MALE,"2,685.0","2,678",-7.0,-0.26
Mariveles,Bataan,MALE,"39,726.0","42,440","2,714.0",6.83
Marogong,Lanao Del Sur,MALE,"5,444.0","5,922",478.0,8.78
Masantol,Pampanga,MALE,"19,869.0","20,152",283.0,1.42
Masbate City,Masbate,MALE,"27,251.0","30,375","3,124.0",11.46
Masinloc,Zambales,MALE,"17,531.0","19,253","1,722.0",9.82
Masiu,Lanao Del Sur,MALE,"7,005.0","8,040","1,035.0",14.78
Maslog,Eastern Samar,MALE,"1,923.0","1,858",-65.0,-3.38
Mataas Na Kahoy,Batangas,MALE,"9,357.0","10,243",886.0,9.47
Matag-Ob,Leyte,MALE,"6,622.0","6,949",327.0,4.94
Matalam,Cotabato (North Cotabato),MALE,"24,103.0","30,500","6,397.0",26.54
Matalom,Leyte,MALE,"10,508.0","10,706",198.0,1.88
Matanao,Davao Del Sur,MALE,"19,173.0","20,099",926.0,4.83
Matanog,Maguindanao,MALE,"7,722.0","9,719","1,997.0",25.86
Mati  City,Davao Oriental,MALE,"42,902.0","48,897","5,995.0",13.97
Matnog,Sorsogon,MALE,"13,600.0","15,483","1,883.0",13.85
Matuguinao,Samar (Western Samar),MALE,"3,056.0","3,219",163.0,5.33
Matungao,Lanao Del Norte,MALE,"3,383.0","4,769","1,386.0",40.97
Mauban,Quezon,MALE,"20,725.0","22,249","1,524.0",7.35
Mawab,Davao De Oro (Compostela Valley),MALE,"12,990.0","14,599","1,609.0",12.39
Mayantoc,Tarlac,MALE,"10,155.0","10,849",694.0,6.83
Maydolong,Eastern Samar,MALE,"5,758.0","5,792",34.0,0.59
Mayorga,Leyte,MALE,"6,728.0","6,549",-179.0,-2.66
Mayoyao,Ifugao,MALE,"4,216.0","4,134",-82.0,-1.94
Medellin,Cebu,MALE,"18,240.0","19,959","1,719.0",9.42
Medina,Misamis Oriental,MALE,"12,401.0","12,923",522.0,4.21
Mendez (Mendez-Nunez),Cavite,MALE,"10,464.0","11,243",779.0,7.44
Mercedes,Camarines Norte,MALE,"15,559.0","17,227","1,668.0",10.72
Mercedes,Eastern Samar,MALE,"2,893.0","2,929",36.0,1.24
Merida,Leyte,MALE,"10,890.0","11,155",265.0,2.43
Mexico,Pampanga,MALE,"38,925.0","43,084","4,159.0",10.68
Meycauayan City,Bulacan,MALE,"60,149.0","60,850",701.0,1.17
Miagao,Iloilo,MALE,"20,161.0","20,436",275.0,1.36
Midsalip,Zamboanga Del Sur,MALE,"10,468.0","10,998",530.0,5.06
Midsayap,Cotabato (North Cotabato),MALE,"41,418.0","26,892","-14,526.0",-35.07
Milagros,Masbate,MALE,"17,384.0","16,984",-400.0,-2.3
Milaor,Camarines Sur,MALE,"10,893.0","11,902","1,009.0",9.26
Mina,Iloilo,MALE,"7,661.0","7,844",183.0,2.39
Minalabac,Camarines Sur,MALE,"15,309.0","16,319","1,010.0",6.6
Minalin,Pampanga,MALE,"14,656.0","16,476","1,820.0",12.42
Minglanilla,Cebu,MALE,"30,094.0","35,724","5,630.0",18.71
Moalboal,Cebu,MALE,"10,949.0","11,549",600.0,5.48
Mobo,Masbate,MALE,"12,243.0","13,146",903.0,7.38
Mogpog,Marinduque,MALE,"10,807.0","11,005",198.0,1.83
Moises Padilla (Magallon),Negros Occidental,MALE,"13,486.0","13,112",-374.0,-2.77
Molave,Zamboanga Del Sur,MALE,"15,900.0","17,170","1,270.0",7.99
Moncada,Tarlac,MALE,"17,565.0","18,797","1,232.0",7.01
Mondragon,Northern Samar,MALE,"13,753.0","14,642",889.0,6.46
Monkayo,Davao De Oro (Compostela Valley),MALE,"30,112.0","34,142","4,030.0",13.38
Monreal,Masbate,MALE,"8,717.0","10,357","1,640.0",18.81
Montevista,Davao De Oro (Compostela Valley),MALE,"14,696.0","16,368","1,672.0",11.38
Morong,Bataan,MALE,"10,311.0","11,714","1,403.0",13.61
Morong,Rizal,MALE,"18,747.0","19,966","1,219.0",6.5
Motiong,Samar (Western Samar),MALE,"5,611.0","5,790",179.0,3.19
Mulanay,Quezon,MALE,"16,101.0","17,758","1,657.0",10.29
Mulondo,Lanao Del Sur,MALE,"6,935.0","7,224",289.0,4.17
Munai,Lanao Del Norte,MALE,"5,445.0","7,715","2,270.0",41.69
Murcia,Negros Occidental,MALE,"25,936.0","26,804",868.0,3.35
Mutia,Zamboanga Del Norte,MALE,"4,439.0","4,999",560.0,12.62
Naawan,Misamis Oriental,MALE,"7,446.0","7,771",325.0,4.36
Nabas,Aklan,MALE,"11,306.0","12,688","1,382.0",12.22
Nabua,Camarines Sur,MALE,"22,721.0","26,261","3,540.0",15.58
Nabunturan,Davao De Oro (Compostela Valley),MALE,"22,764.0","23,925","1,161.0",5.1
Naga,Zamboanga Sibugay,MALE,"14,496.0","14,057",-439.0,-3.03
Naga City,Camarines Sur,MALE,"47,377.0","53,439","6,062.0",12.8
Naga City,Cebu,MALE,"35,653.0","39,897","4,244.0",11.9
Nagbukel,Ilocos Sur,MALE,"2,201.0","2,134",-67.0,-3.04
Nagcarlan,Laguna,MALE,"19,437.0","21,987","2,550.0",13.12
Nagtipunan,Quirino,MALE,"7,990.0","9,406","1,416.0",17.72
Naguilian,Isabela,MALE,"10,439.0","10,827",388.0,3.72
Naguilian,La Union,MALE,"17,314.0","18,197",883.0,5.1
Naic,Cavite,MALE,"33,955.0","41,285","7,330.0",21.59
Nampicuan,Nueva Ecija,MALE,"5,317.0","5,499",182.0,3.42
Narra,Palawan,MALE,"20,572.0","22,546","1,974.0",9.6
Narvacan,Ilocos Sur,MALE,"14,434.0","15,920","1,486.0",10.3
Nasipit,Agusan Del Norte,MALE,"14,297.0","14,970",673.0,4.71
Nasugbu,Batangas,MALE,"38,056.0","40,395","2,339.0",6.15
Natividad,Pangasinan,MALE,"8,292.0","8,918",626.0,7.55
Natonin,Mountain Province,MALE,"4,427.0","4,541",114.0,2.58
Naujan,Oriental Mindoro,MALE,"30,183.0","31,974","1,791.0",5.93
Naval,Biliran,MALE,"16,527.0","16,916",389.0,2.35
Navotas City,Ncr,MALE,"67,586.0","70,478","2,892.0",4.28
New Bataan,Davao De Oro (Compostela Valley),MALE,"16,767.0","17,393",626.0,3.73
New Corella,Davao (Davao Del Norte),MALE,"16,968.0","19,135","2,167.0",12.77
New Lucena,Iloilo,MALE,"7,720.0","8,436",716.0,9.27
New Washington,Aklan,MALE,"14,871.0","16,460","1,589.0",10.69
Norala,South Cotabato,MALE,"14,227.0","14,971",744.0,5.23
Northern Kabuntalan,Maguindanao,MALE,"6,834.0","7,478",644.0,9.42
Norzagaray,Bulacan,MALE,"31,761.0","36,026","4,265.0",13.43
Noveleta,Cavite,MALE,"13,353.0","15,780","2,427.0",18.18
Nueva Era,Ilocos Norte,MALE,"3,030.0","3,095",65.0,2.15
Nueva Valencia,Guimaras,MALE,"13,483.0","13,606",123.0,0.91
Numancia,Aklan,MALE,"11,178.0","11,908",730.0,6.53
Nunungan,Lanao Del Norte,MALE,"4,742.0","5,337",595.0,12.55
Oas,Albay,MALE,"19,573.0","21,291","1,718.0",8.78
Obando,Bulacan,MALE,"17,296.0","17,521",225.0,1.3
Ocampo,Camarines Sur,MALE,"13,510.0","14,578","1,068.0",7.91
Odiongan,Romblon,MALE,"14,166.0","15,286","1,120.0",7.91
Old Panamao,Sulu,MALE,"7,304.0","9,257","1,953.0",26.74
Olongapo City,Zambales,MALE,"57,194.0","56,163","-1,031.0",-1.8
Olutanga,Zamboanga Sibugay,MALE,"8,007.0","8,526",519.0,6.48
Omar,Sulu,MALE,"7,254.0","7,983",729.0,10.05
Opol,Misamis Oriental,MALE,"16,839.0","19,179","2,340.0",13.9
Orani,Bataan,MALE,"23,985.0","23,761",-224.0,-0.93
Oras,Eastern Samar,MALE,"13,435.0","13,924",489.0,3.64
Orion,Bataan,MALE,"19,252.0","19,386",134.0,0.7
Ormoc City,Leyte,MALE,"67,114.0","71,562","4,448.0",6.63
Oroquieta City,Misamis Occidental,MALE,"25,569.0","27,304","1,735.0",6.79
Oslob,Cebu,MALE,"10,073.0","10,175",102.0,1.01
Oton,Iloilo,MALE,"24,186.0","26,108","1,922.0",7.95
Ozamis City,Misamis Occidental,MALE,"41,717.0","49,081","7,364.0",17.65
Padada,Davao Del Sur,MALE,"11,460.0","11,697",237.0,2.07
Padre Burgos,Quezon,MALE,"7,519.0","8,924","1,405.0",18.69
Padre Burgos,Southern Leyte,MALE,"3,736.0","3,824",88.0,2.36
Padre Garcia,Batangas,MALE,"15,057.0","15,616",559.0,3.71
Paete,Laguna,MALE,"9,163.0","9,530",367.0,4.01
Pagadian City,Zamboanga Del Sur,MALE,"60,340.0","68,400","8,060.0",13.36
Pagagawan,Maguindanao,MALE,"9,213.0","11,801","2,588.0",28.09
Pagalungan,Maguindanao,MALE,"10,646.0","13,657","3,011.0",28.28
Pagayawan (Tatarikan),Lanao Del Sur,MALE,"4,153.0","4,844",691.0,16.64
Pagbilao,Quezon,MALE,"21,251.0","24,932","3,681.0",17.32
Paglat,Maguindanao,MALE,"5,277.0","6,673","1,396.0",26.45
Pagsanghan,Samar (Western Samar),MALE,"4,385.0","4,191",-194.0,-4.42
Pagsanjan,Laguna,MALE,"12,802.0","14,686","1,884.0",14.72
Pagudpud,Ilocos Norte,MALE,"8,387.0","9,425","1,038.0",12.38
Pakil,Laguna,MALE,"7,315.0","8,588","1,273.0",17.4
Palanan,Isabela,MALE,"6,237.0","6,712",475.0,7.62
Palanas,Masbate,MALE,"8,832.0","9,110",278.0,3.15
Palapag,Northern Samar,MALE,"11,785.0","12,918","1,133.0",9.61
Palauig,Zambales,MALE,"12,574.0","13,726","1,152.0",9.16
Palayan City,Nueva Ecija,MALE,"18,080.0","20,389","2,309.0",12.77
Palimbang,Sultan Kudarat,MALE,"18,873.0","21,858","2,985.0",15.82
Palo,Leyte,MALE,"21,423.0","21,675",252.0,1.18
Palompon,Leyte,MALE,"20,296.0","21,600","1,304.0",6.42
Paluan,Occidental Mindoro,MALE,"6,390.0","7,046",656.0,10.27
Pambujan,Northern Samar,MALE,"10,607.0","10,344",-263.0,-2.48
Pamplona,Cagayan,MALE,"7,891.0","8,479",588.0,7.45
Pamplona,Camarines Sur,MALE,"10,634.0","11,463",829.0,7.8
Pamplona,Negros Oriental,MALE,"13,690.0","14,685",995.0,7.27
Panabo  City,Davao (Davao Del Norte),MALE,"53,552.0","63,820","10,268.0",19.17
Panaon,Misamis Occidental,MALE,"3,915.0","3,789",-126.0,-3.22
Panay,Capiz,MALE,"16,339.0","16,749",410.0,2.51
Pandag,Maguindanao,MALE,"6,359.0","7,376","1,017.0",15.99
Pandami,Sulu,MALE,"7,574.0","7,965",391.0,5.16
Pandan,Antique,MALE,"11,840.0","12,506",666.0,5.62
Pandan,Catanduanes,MALE,"7,963.0","8,319",356.0,4.47
Pandi,Bulacan,MALE,"27,110.0","41,532","14,422.0",53.2
Panganiban (Payo),Catanduanes,MALE,"4,171.0","4,200",29.0,0.7
Pangantucan,Bukidnon,MALE,"17,578.0","18,818","1,240.0",7.05
Pangil,Laguna,MALE,"7,225.0","8,072",847.0,11.72
Panglao,Bohol,MALE,"11,915.0","14,078","2,163.0",18.15
Panglima Estino (New Panamao),Sulu,MALE,"3,887.0","4,679",792.0,20.38
Panglima Sugala (Balimbing),Tawi-Tawi,MALE,"9,629.0","10,642","1,013.0",10.52
Pangutaran,Sulu,MALE,"8,688.0","8,924",236.0,2.72
Paniqui,Tarlac,MALE,"31,102.0","34,484","3,382.0",10.87
Panitan,Capiz,MALE,"13,504.0","14,126",622.0,4.61
Pantabangan,Nueva Ecija,MALE,"12,229.0","14,256","2,027.0",16.58
Pantao Ragat,Lanao Del Norte,MALE,"4,725.0","4,973",248.0,5.25
Pantar,Lanao Del Norte,MALE,"4,623.0","6,548","1,925.0",41.64
Pantukan,Davao De Oro (Compostela Valley),MALE,"27,514.0","31,068","3,554.0",12.92
Panukulan,Quezon,MALE,"5,602.0","5,775",173.0,3.09
Paoay,Ilocos Norte,MALE,"8,447.0","8,778",331.0,3.92
Paombong,Bulacan,MALE,"16,363.0","18,091","1,728.0",10.56
Paracale,Camarines Norte,MALE,"16,404.0","18,412","2,008.0",12.24
Paracelis,Mountain Province,MALE,"9,445.0","10,090",645.0,6.83
Paranas (Wright),Samar (Western Samar),MALE,"11,466.0","11,913",447.0,3.9
Parang,Maguindanao,MALE,"22,525.0","27,863","5,338.0",23.7
Parang,Sulu,MALE,"11,698.0","16,093","4,395.0",37.57
Pasacao,Camarines Sur,MALE,"14,936.0","15,709",773.0,5.18
Pasay City,Ncr,MALE,"134,793.0","130,509","-4,284.0",-3.18
Pasil,Kalinga,MALE,"3,685.0","3,915",230.0,6.24
Pastrana,Leyte,MALE,"6,694.0","7,323",629.0,9.4
Pasuquin,Ilocos Norte,MALE,"11,339.0","11,859",520.0,4.59
Pata,Sulu,MALE,"3,570.0","3,495",-75.0,-2.1
Pateros,Ncr,MALE,"17,683.0","18,864","1,181.0",6.68
Patikul,Sulu,MALE,"15,508.0","17,487","1,979.0",12.76
Patnanungan,Quezon,MALE,"3,920.0","4,414",494.0,12.6
Patnongon,Antique,MALE,"10,861.0","10,888",27.0,0.25
Pavia,Iloilo,MALE,"15,565.0","18,538","2,973.0",19.1
Payao,Zamboanga Sibugay,MALE,"10,856.0","11,929","1,073.0",9.88
Penablanca,Cagayan,MALE,"13,341.0","14,754","1,413.0",10.59
Penaranda,Nueva Ecija,MALE,"11,600.0","12,902","1,302.0",11.22
Penarrubia,Abra,MALE,"2,468.0","2,497",29.0,1.18
Perez,Quezon,MALE,"4,611.0","4,833",222.0,4.81
Piagapo,Lanao Del Sur,MALE,"7,167.0","8,226","1,059.0",14.78
Piat,Cagayan,MALE,"7,947.0","8,579",632.0,7.95
Picong (Sultan Gumander),Lanao Del Sur,MALE,"4,787.0","6,247","1,460.0",30.5
Piddig,Ilocos Norte,MALE,"7,290.0","7,626",336.0,4.61
Pidigan,Abra,MALE,"4,650.0","4,660",10.0,0.22
Pigkawayan,Cotabato (North Cotabato),MALE,"18,659.0","16,101","-2,558.0",-13.71
Pikit,Cotabato (North Cotabato),MALE,"29,965.0","15,802","-14,163.0",-47.27
Pila,Laguna,MALE,"17,325.0","17,830",505.0,2.91
Pilar,Abra,MALE,"3,978.0","4,154",176.0,4.42
Pilar,Bataan,MALE,"14,276.0","15,003",727.0,5.09
Pilar,Bohol,MALE,"9,282.0","9,666",384.0,4.14
Pilar,Capiz,MALE,"13,957.0","14,383",426.0,3.05
Pilar,Cebu,MALE,"4,764.0","4,839",75.0,1.57
Pilar,Sorsogon,MALE,"21,055.0","22,867","1,812.0",8.61
Pilar,Surigao Del Norte,MALE,"4,184.0","4,280",96.0,2.29
Pili,Camarines Sur,MALE,"25,868.0","30,368","4,500.0",17.4
Pililla,Rizal,MALE,"18,476.0","18,369",-107.0,-0.58
Pinabacdao,Samar (Western Samar),MALE,"6,755.0","6,995",240.0,3.55
Pinamalayan,Oriental Mindoro,MALE,"22,901.0","24,233","1,332.0",5.82
Pinamungahan,Cebu,MALE,"22,453.0","24,040","1,587.0",7.07
Pinan (New Pinan),Zamboanga Del Norte,MALE,"7,300.0","8,418","1,118.0",15.32
Pinili,Ilocos Norte,MALE,"6,026.0","6,300",274.0,4.55
Pintuyan,Southern Leyte,MALE,"4,031.0","4,003",-28.0,-0.69
Pinukpuk,Kalinga,MALE,"10,632.0","11,363",731.0,6.88
Pio Duran,Albay,MALE,"16,866.0","16,759",-107.0,-0.63
Pio V. Corpuz (Limbuhan),Masbate,MALE,"8,997.0","8,535",-462.0,-5.14
Pitogo,Quezon,MALE,"8,214.0","8,460",246.0,2.99
Pitogo,Zamboanga Del Sur,MALE,"8,059.0","9,439","1,380.0",17.12
Placer,Masbate,MALE,"17,736.0","18,942","1,206.0",6.8
Placer,Surigao Del Norte,MALE,"10,893.0","12,027","1,134.0",10.41
Plaridel,Bulacan,MALE,"30,972.0","32,452","1,480.0",4.78
Plaridel,Misamis Occidental,MALE,"13,547.0","14,312",765.0,5.65
Plaridel,Quezon,MALE,"4,216.0","4,406",190.0,4.51
Pola,Oriental Mindoro,MALE,"10,532.0","11,683","1,151.0",10.93
Polanco,Zamboanga Del Norte,MALE,"13,758.0","16,150","2,392.0",17.39
Polangui,Albay,MALE,"27,375.0","29,365","1,990.0",7.27
Polillo,Quezon,MALE,"10,358.0","10,448",90.0,0.87
Polomolok,South Cotabato,MALE,"49,101.0","57,579","8,478.0",17.27
Pontevedra,Capiz,MALE,"14,875.0","15,371",496.0,3.33
Pontevedra,Negros Occidental,MALE,"16,790.0","16,641",-149.0,-0.89
Poona Bayabao  (Gata),Lanao Del Sur,MALE,"4,475.0","6,300","1,825.0",40.78
Poona Piagapo,Lanao Del Norte,MALE,"5,445.0","5,614",169.0,3.1
Porac,Pampanga,MALE,"32,150.0","37,071","4,921.0",15.31
Poro,Cebu,MALE,"7,969.0","8,773",804.0,10.09
Pototan,Iloilo,MALE,"21,182.0","22,280","1,098.0",5.18
Pozzorubio,Pangasinan,MALE,"23,588.0","26,642","3,054.0",12.95
Pres. Carlos P. Garcia (Pitogo),Bohol,MALE,"8,298.0","8,444",146.0,1.76
Pres. Manuel A. Roxas,Zamboanga Del Norte,MALE,"12,648.0","13,488",840.0,6.64
Presentacion (Parubcan),Camarines Sur,MALE,"8,108.0","8,630",522.0,6.44
President Quirino,Sultan Kudarat,MALE,"12,146.0","13,773","1,627.0",13.4
President Roxas,Capiz,MALE,"9,724.0","10,241",517.0,5.32
President Roxas,Cotabato (North Cotabato),MALE,"15,927.0","16,666",739.0,4.64
Prieto Diaz,Sorsogon,MALE,"7,063.0","7,640",577.0,8.17
Prosperidad,Agusan Del Sur,MALE,"23,788.0","25,262","1,474.0",6.2
Pualas,Lanao Del Sur,MALE,"3,163.0","4,396","1,233.0",38.98
Pudtol,Apayao,MALE,"4,662.0","4,992",330.0,7.08
Puerto Galera,Oriental Mindoro,MALE,"13,076.0","13,818",742.0,5.67
Puerto Princesa City,Palawan,MALE,"74,059.0","78,773","4,714.0",6.37
Pugo,La Union,MALE,"6,196.0","6,511",315.0,5.08
Pulilan,Bulacan,MALE,"29,080.0","31,430","2,350.0",8.08
Pulupandan,Negros Occidental,MALE,"8,921.0","8,939",18.0,0.2
Pura,Tarlac,MALE,"8,335.0","8,930",595.0,7.14
Quezon,Bukidnon,MALE,"33,190.0","35,065","1,875.0",5.65
Quezon,Isabela,MALE,"8,591.0","8,479",-112.0,-1.3
Quezon,Nueva Ecija,MALE,"10,370.0","10,973",603.0,5.81
Quezon,Nueva Vizcaya,MALE,"7,841.0","8,252",411.0,5.24
Quezon,Palawan,MALE,"17,756.0","19,136","1,380.0",7.77
Quezon,Quezon,MALE,"5,362.0","5,569",207.0,3.86
Quezon City,Ncr,MALE,"593,343.0","628,997","35,654.0",6.01
Quinapondan,Eastern Samar,MALE,"5,628.0","5,536",-92.0,-1.63
Quirino,Isabela,MALE,"8,324.0","8,630",306.0,3.68
Quirino (Angkaki),Ilocos Sur,MALE,"3,522.0","3,883",361.0,10.25
Ragay,Camarines Sur,MALE,"18,438.0","19,652","1,214.0",6.58
Rajah Buayan,Maguindanao,MALE,"5,905.0","8,367","2,462.0",41.69
Ramon,Isabela,MALE,"16,630.0","17,449",819.0,4.92
Ramon Magsaysay (Liargo),Zamboanga Del Sur,MALE,"9,240.0","9,225",-15.0,-0.16
Ramos,Tarlac,MALE,"6,907.0","7,455",548.0,7.93
Rapu-Rapu,Albay,MALE,"11,218.0","11,570",352.0,3.14
Real,Quezon,MALE,"10,079.0","11,701","1,622.0",16.09
Reina Mercedes,Isabela,MALE,"8,183.0","9,238","1,055.0",12.89
Remedios T. Romualdez,Agusan Del Norte,MALE,"6,531.0","6,918",387.0,5.93
Rizal,Cagayan,MALE,"6,409.0","6,709",300.0,4.68
Rizal,Laguna,MALE,"6,271.0","6,644",373.0,5.95
Rizal,Nueva Ecija,MALE,"17,399.0","17,692",293.0,1.68
Rizal,Occidental Mindoro,MALE,"11,097.0","12,525","1,428.0",12.87
Rizal,Zamboanga Del Norte,MALE,"5,917.0","6,274",357.0,6.03
Rizal (Liwan),Kalinga,MALE,"6,392.0","7,187",795.0,12.44
Rizal (Marcos),Palawan,MALE,"14,197.0","15,169",972.0,6.85
Rodriguez  (Montalban),Rizal,MALE,"98,868.0","93,709","-5,159.0",-5.22
Romblon,Romblon,MALE,"12,104.0","12,880",776.0,6.41
Ronda,Cebu,MALE,"7,984.0","7,910",-74.0,-0.93
Rosales,Pangasinan,MALE,"22,608.0","23,282",674.0,2.98
Rosario,Agusan Del Sur,MALE,"16,177.0","17,388","1,211.0",7.49
Rosario,Batangas,MALE,"36,355.0","39,680","3,325.0",9.15
Rosario,Cavite,MALE,"38,434.0","43,274","4,840.0",12.59
Rosario,La Union,MALE,"17,332.0","18,123",791.0,4.56
Rosario,Northern Samar,MALE,"4,138.0","4,477",339.0,8.19
Roseller Lim,Zamboanga Sibugay,MALE,"14,330.0","16,026","1,696.0",11.84
Roxas,Isabela,MALE,"19,014.0","20,345","1,331.0",7.0
Roxas,Oriental Mindoro,MALE,"15,669.0","18,219","2,550.0",16.27
Roxas,Palawan,MALE,"21,089.0","21,654",565.0,2.68
Roxas City,Capiz,MALE,"50,228.0","53,117","2,889.0",5.75
Sabangan,Mountain Province,MALE,"4,108.0","4,596",488.0,11.88
Sablan,Benguet,MALE,"3,978.0","4,394",416.0,10.46
Sablayan,Occidental Mindoro,MALE,"22,415.0","25,435","3,020.0",13.47
Sabtang,Batanes,MALE,674.0,753,79.0,11.72
Sadanga,Mountain Province,MALE,"3,184.0","3,224",40.0,1.26
Sagada,Mountain Province,MALE,"4,040.0","4,408",368.0,9.11
Sagay,Camiguin,MALE,"4,708.0","4,853",145.0,3.08
Sagay City,Negros Occidental,MALE,"39,451.0","40,351",900.0,2.28
Sagbayan (Borja),Bohol,MALE,"7,956.0","8,412",456.0,5.73
Sagnay,Camarines Sur,MALE,"10,237.0","11,257","1,020.0",9.96
Saguday,Quirino,MALE,"5,150.0","5,512",362.0,7.03
Saguiaran,Lanao Del Sur,MALE,"8,612.0","10,685","2,073.0",24.07
Saint Bernard,Southern Leyte,MALE,"9,267.0","9,267",0.0,0.0
Salay,Misamis Oriental,MALE,"10,732.0","11,221",489.0,4.56
Salcedo,Eastern Samar,MALE,"8,511.0","8,320",-191.0,-2.24
Salcedo (Baugen),Ilocos Sur,MALE,"4,041.0","4,169",128.0,3.17
Sallapadan,Abra,MALE,"2,758.0","2,790",32.0,1.16
Salug,Zamboanga Del Norte,MALE,"11,493.0","11,560",67.0,0.58
Salvador,Lanao Del Norte,MALE,"6,378.0","6,683",305.0,4.78
Salvador Benedicto,Negros Occidental,MALE,"9,077.0","9,607",530.0,5.84
Samal,Bataan,MALE,"12,803.0","14,538","1,735.0",13.55
Samboan,Cebu,MALE,"6,801.0","6,926",125.0,1.84
Sampaloc,Quezon,MALE,"4,761.0","4,862",101.0,2.12
San Agustin,Isabela,MALE,"7,769.0","8,482",713.0,9.18
San Agustin,Romblon,MALE,"7,421.0","7,816",395.0,5.32
San Agustin,Surigao Del Sur,MALE,"6,324.0","7,731","1,407.0",22.25
San Andres,Quezon,MALE,"7,919.0","9,513","1,594.0",20.13
San Andres,Romblon,MALE,"5,489.0","5,696",207.0,3.77
San Andres (Calolbon),Catanduanes,MALE,"14,303.0","14,420",117.0,0.82
San Antonio,Northern Samar,MALE,"3,457.0","3,588",131.0,3.79
San Antonio,Nueva Ecija,MALE,"27,225.0","28,248","1,023.0",3.76
San Antonio,Quezon,MALE,"10,876.0","12,068","1,192.0",10.96
San Antonio,Zambales,MALE,"10,533.0","11,079",546.0,5.18
San Benito,Surigao Del Norte,MALE,"2,490.0","3,016",526.0,21.12
San Carlos City,Negros Occidental,MALE,"42,877.0","42,320",-557.0,-1.3
San Carlos City,Pangasinan,MALE,"53,617.0","61,734","8,117.0",15.14
San Clemente,Tarlac,MALE,"4,726.0","4,805",79.0,1.67
San Dionisio,Iloilo,MALE,"12,386.0","13,043",657.0,5.3
San Emilio,Ilocos Sur,MALE,"2,929.0","3,047",118.0,4.03
San Enrique,Iloilo,MALE,"11,853.0","12,051",198.0,1.67
San Enrique,Negros Occidental,MALE,"9,036.0","9,468",432.0,4.78
San Esteban,Ilocos Sur,MALE,"3,023.0","3,133",110.0,3.64
San Fabian,Pangasinan,MALE,"25,836.0","29,001","3,165.0",12.25
San Felipe,Zambales,MALE,"7,270.0","8,126",856.0,11.77
San Fernando,Bukidnon,MALE,"17,218.0","19,019","1,801.0",10.46
San Fernando,Camarines Sur,MALE,"11,673.0","12,308",635.0,5.44
San Fernando,Cebu,MALE,"24,171.0","24,969",798.0,3.3
San Fernando,Masbate,MALE,"8,130.0","8,054",-76.0,-0.93
San Fernando,Romblon,MALE,"8,803.0","8,514",-289.0,-3.28
San Fernando City,Pampanga,MALE,"77,301.0","90,764","13,463.0",17.42
San Francisco,Agusan Del Sur,MALE,"23,853.0","25,194","1,341.0",5.62
San Francisco,Cebu,MALE,"15,779.0","17,469","1,690.0",10.71
San Francisco,Southern Leyte,MALE,"4,678.0","4,843",165.0,3.53
San Francisco (Anao-Aon),Surigao Del Norte,MALE,"6,421.0","7,268",847.0,13.19
San Francisco (Aurora),Quezon,MALE,"20,197.0","21,352","1,155.0",5.72
San Gabriel,La Union,MALE,"6,277.0","6,942",665.0,10.59
San Guillermo,Isabela,MALE,"6,440.0","7,339",899.0,13.96
San Ildefonso,Bulacan,MALE,"35,707.0","37,470","1,763.0",4.94
San Ildefonso,Ilocos Sur,MALE,"2,736.0","2,883",147.0,5.37
San Isidro,Abra,MALE,"1,704.0","1,714",10.0,0.59
San Isidro,Bohol,MALE,"3,574.0","3,611",37.0,1.04
San Isidro,Davao (Davao Del Norte),MALE,"9,370.0","10,252",882.0,9.41
San Isidro,Davao Oriental,MALE,"11,663.0","12,517",854.0,7.32
San Isidro,Isabela,MALE,"7,843.0","8,891","1,048.0",13.36
San Isidro,Leyte,MALE,"11,356.0","11,620",264.0,2.32
San Isidro,Northern Samar,MALE,"10,680.0","10,993",313.0,2.93
San Isidro,Nueva Ecija,MALE,"15,654.0","16,482",828.0,5.29
San Isidro,Surigao Del Norte,MALE,"3,622.0","3,985",363.0,10.02
San Jacinto,Masbate,MALE,"10,146.0","11,111",965.0,9.51
San Jacinto,Pangasinan,MALE,"13,384.0","14,181",797.0,5.95
San Joaquin,Iloilo,MALE,"16,164.0","16,091",-73.0,-0.45
San Jorge,Samar (Western Samar),MALE,"6,862.0","7,311",449.0,6.54
San Jose,Antique,MALE,"16,830.0","18,072","1,242.0",7.38
San Jose,Batangas,MALE,"25,078.0","26,631","1,553.0",6.19
San Jose,Camarines Sur,MALE,"13,751.0","14,912","1,161.0",8.44
San Jose,Dinagat Islands,MALE,"7,461.0","7,707",246.0,3.3
San Jose,Negros Oriental,MALE,"7,287.0","7,875",588.0,8.07
San Jose,Northern Samar,MALE,"6,504.0","6,610",106.0,1.63
San Jose,Occidental Mindoro,MALE,"38,864.0","42,075","3,211.0",8.26
San Jose,Romblon,MALE,"3,539.0","3,827",288.0,8.14
San Jose,Tarlac,MALE,"9,392.0","10,243",851.0,9.06
San Jose City,Nueva Ecija,MALE,"49,008.0","49,339",331.0,0.68
San Jose De Buan,Samar (Western Samar),MALE,"2,915.0","3,438",523.0,17.94
San Jose Del Monte  City,Bulacan,MALE,"109,638.0","115,318","5,680.0",5.18
San Juan,Abra,MALE,"3,970.0","4,067",97.0,2.44
San Juan,Batangas,MALE,"33,149.0","34,830","1,681.0",5.07
San Juan,La Union,MALE,"12,590.0","13,513",923.0,7.33
San Juan,Siquijor,MALE,"5,587.0","5,903",316.0,5.66
San Juan (Cabalian),Southern Leyte,MALE,"4,835.0","5,049",214.0,4.43
San Juan (Lapog),Ilocos Sur,MALE,"9,141.0","9,750",609.0,6.66
San Juan City,Ncr,MALE,"37,430.0","50,430","13,000.0",34.73
San Julian,Eastern Samar,MALE,"5,463.0","5,436",-27.0,-0.49
San Leonardo,Nueva Ecija,MALE,"20,026.0","20,861",835.0,4.17
San Lorenzo,Guimaras,MALE,"9,046.0","9,551",505.0,5.58
San Lorenzo Ruiz (Imelda),Camarines Norte,MALE,"5,202.0","5,601",399.0,7.67
San Luis,Agusan Del Sur,MALE,"9,847.0","10,475",628.0,6.38
San Luis,Aurora,MALE,"8,906.0","9,757",851.0,9.56
San Luis,Batangas,MALE,"11,909.0","12,401",492.0,4.13
San Luis,Pampanga,MALE,"17,235.0","17,978",743.0,4.31
San Manuel,Isabela,MALE,"10,882.0","11,050",168.0,1.54
San Manuel,Pangasinan,MALE,"14,719.0","15,630",911.0,6.19
San Manuel,Tarlac,MALE,"8,398.0","8,948",550.0,6.55
San Marcelino,Zambales,MALE,"10,982.0","11,995","1,013.0",9.22
San Mariano,Isabela,MALE,"16,364.0","17,788","1,424.0",8.7
San Mateo,Isabela,MALE,"18,339.0","20,670","2,331.0",12.71
San Mateo,Rizal,MALE,"48,015.0","49,730","1,715.0",3.57
San Miguel,Bohol,MALE,"7,897.0","8,642",745.0,9.43
San Miguel,Bulacan,MALE,"45,744.0","48,845","3,101.0",6.78
San Miguel,Catanduanes,MALE,"6,292.0","6,174",-118.0,-1.88
San Miguel,Iloilo,MALE,"9,852.0","10,462",610.0,6.19
San Miguel,Leyte,MALE,"7,287.0","7,633",346.0,4.75
San Miguel,Surigao Del Sur,MALE,"12,848.0","14,212","1,364.0",10.62
San Miguel,Zamboanga Del Sur,MALE,"6,351.0","6,956",605.0,9.53
San Narciso,Quezon,MALE,"14,981.0","16,089","1,108.0",7.4
San Narciso,Zambales,MALE,"9,838.0","10,209",371.0,3.77
San Nicolas,Batangas,MALE,"8,643.0","8,707",64.0,0.74
San Nicolas,Ilocos Norte,MALE,"11,990.0","13,202","1,212.0",10.11
San Nicolas,Pangasinan,MALE,"12,979.0","13,601",622.0,4.79
San Pablo,Isabela,MALE,"7,968.0","8,426",458.0,5.75
San Pablo,Zamboanga Del Sur,MALE,"9,079.0","9,208",129.0,1.42
San Pablo City,Laguna,MALE,"65,181.0","68,499","3,318.0",5.09
San Pascual,Batangas,MALE,"20,276.0","19,928",-348.0,-1.72
San Pascual,Masbate,MALE,"13,582.0","14,379",797.0,5.87
San Pedro City,Laguna,MALE,"85,228.0","80,478","-4,750.0",-5.57
San Policarpo,Eastern Samar,MALE,"6,160.0","6,869",709.0,11.51
San Quintin,Abra,MALE,"2,321.0","2,293",-28.0,-1.21
San Quintin,Pangasinan,MALE,"11,412.0","11,945",533.0,4.67
San Rafael,Bulacan,MALE,"30,296.0","31,353","1,057.0",3.49
San Rafael,Iloilo,MALE,"5,819.0","6,252",433.0,7.44
San Remigio,Antique,MALE,"10,711.0","11,793","1,082.0",10.1
San Remigio,Cebu,MALE,"20,270.0","21,046",776.0,3.83
San Ricardo,Southern Leyte,MALE,"3,745.0","3,724",-21.0,-0.56
San Roque,Northern Samar,MALE,"8,880.0","8,833",-47.0,-0.53
San Sebastian,Samar (Western Samar),MALE,"3,398.0","3,616",218.0,6.42
San Simon,Pampanga,MALE,"19,182.0","23,087","3,905.0",20.36
San Teodoro,Oriental Mindoro,MALE,"6,128.0","6,590",462.0,7.54
San Vicente,Camarines Norte,MALE,"3,962.0","4,120",158.0,3.99
San Vicente,Ilocos Sur,MALE,"3,875.0","4,299",424.0,10.94
San Vicente,Northern Samar,MALE,"3,188.0","3,102",-86.0,-2.7
San Vicente,Palawan,MALE,"10,550.0","11,776","1,226.0",11.62
Sanchez-Mira,Cagayan,MALE,"7,789.0","9,030","1,241.0",15.93
Santa,Ilocos Sur,MALE,"5,173.0","5,095",-78.0,-1.51
Santa Ana,Cagayan,MALE,"10,487.0","11,929","1,442.0",13.75
Santa Ana,Pampanga,MALE,"15,404.0","16,639","1,235.0",8.02
Santa Barbara,Iloilo,MALE,"18,697.0","20,524","1,827.0",9.77
Santa Barbara,Pangasinan,MALE,"25,664.0","27,651","1,987.0",7.74
Santa Catalina,Ilocos Sur,MALE,"5,216.0","5,338",122.0,2.34
Santa Catalina,Negros Oriental,MALE,"22,424.0","22,614",190.0,0.85
Santa Cruz,Davao Del Sur,MALE,"31,793.0","37,544","5,751.0",18.09
Santa Cruz,Ilocos Sur,MALE,"12,708.0","13,237",529.0,4.16
Santa Cruz,Laguna,MALE,"33,892.0","37,663","3,771.0",11.13
Santa Cruz,Marinduque,MALE,"18,351.0","19,263",912.0,4.97
Santa Cruz,Occidental Mindoro,MALE,"12,454.0","12,396",-58.0,-0.47
Santa Cruz,Zambales,MALE,"19,680.0","20,346",666.0,3.38
Santa Elena,Camarines Norte,MALE,"12,383.0","13,870","1,487.0",12.01
Santa Fe,Cebu,MALE,"9,259.0","10,456","1,197.0",12.93
Santa Fe,Leyte,MALE,"7,263.0","7,542",279.0,3.84
Santa Fe,Nueva Vizcaya,MALE,"5,953.0","6,497",544.0,9.14
Santa Fe,Romblon,MALE,"5,719.0","5,834",115.0,2.01
Santa Ignacia,Tarlac,MALE,"14,943.0","15,942",999.0,6.69
Santa Josefa,Agusan Del Sur,MALE,"9,531.0","9,358",-173.0,-1.82
Santa Lucia,Ilocos Sur,MALE,"8,167.0","8,756",589.0,7.21
Santa Magdalena,Sorsogon,MALE,"5,865.0","6,199",334.0,5.69
Santa Marcela,Apayao,MALE,"4,069.0","4,291",222.0,5.46
Santa Margarita,Samar (Western Samar),MALE,"9,356.0","10,269",913.0,9.76
Santa Maria,Bulacan,MALE,"58,413.0","66,138","7,725.0",13.22
Santa Maria,Davao Occidental,MALE,"16,989.0","17,631",642.0,3.78
Santa Maria,Ilocos Sur,MALE,"10,557.0","10,475",-82.0,-0.78
Santa Maria,Isabela,MALE,"8,454.0","9,243",789.0,9.33
Santa Maria,Laguna,MALE,"10,236.0","11,890","1,654.0",16.16
Santa Maria,Pangasinan,MALE,"10,798.0","11,415",617.0,5.71
Santa Maria (Imelda),Romblon,MALE,"3,202.0","3,213",11.0,0.34
Santa Monica (Sapao),Surigao Del Norte,MALE,"4,112.0","4,098",-14.0,-0.34
Santa Praxedes,Cagayan,MALE,"1,944.0","1,754",-190.0,-9.77
Santa Rita,Pampanga,MALE,"12,518.0","13,722","1,204.0",9.62
Santa Rita,Samar (Western Samar),MALE,"15,038.0","15,812",774.0,5.15
Santa Rosa,Nueva Ecija,MALE,"21,295.0","23,658","2,363.0",11.1
Santa Rosa City,Laguna,MALE,"96,985.0","101,610","4,625.0",4.77
Santa Teresita,Batangas,MALE,"6,667.0","6,708",41.0,0.61
Santa Teresita,Cagayan,MALE,"5,476.0","6,135",659.0,12.03
Santander,Cebu,MALE,"5,985.0","6,358",373.0,6.23
Santiago,Agusan Del Norte,MALE,"7,045.0","7,953",908.0,12.89
Santiago,Ilocos Sur,MALE,"6,352.0","6,652",300.0,4.72
Santo Domingo,Ilocos Sur,MALE,"9,574.0","9,944",370.0,3.86
Santo Domingo,Nueva Ecija,MALE,"18,357.0","19,788","1,431.0",7.8
Santo Domingo (Libog),Albay,MALE,"12,189.0","12,956",767.0,6.29
Santo Nino,Samar (Western Samar),MALE,"5,852.0","5,885",33.0,0.56
Santo Nino,South Cotabato,MALE,"12,368.0","12,507",139.0,1.12
Santo Nino (Faire),Cagayan,MALE,"8,984.0","9,482",498.0,5.54
Santo Tomas,Batangas,MALE,"46,165.0","52,213","6,048.0",13.1
Santo Tomas,Davao (Davao Del Norte),MALE,"31,697.0","36,576","4,879.0",15.39
Santo Tomas,Isabela,MALE,"8,079.0","8,926",847.0,10.48
Santo Tomas,La Union,MALE,"12,248.0","12,926",678.0,5.54
Santo Tomas,Pampanga,MALE,"13,847.0","16,576","2,729.0",19.71
Santo Tomas,Pangasinan,MALE,"4,183.0","4,881",698.0,16.69
Santol,La Union,MALE,"4,824.0","5,006",182.0,3.77
Sapa-Sapa,Tawi-Tawi,MALE,"7,655.0","9,717","2,062.0",26.94
Sapad,Lanao Del Norte,MALE,"6,142.0","5,788",-354.0,-5.76
Sapang Dalaga,Misamis Occidental,MALE,"7,166.0","8,200","1,034.0",14.43
Sapi-An,Capiz,MALE,"9,360.0","9,321",-39.0,-0.42
Sara,Iloilo,MALE,"16,615.0","17,863","1,248.0",7.51
Sarangani,Davao Occidental,MALE,"7,918.0","8,501",583.0,7.36
Sariaya,Quezon,MALE,"41,472.0","46,350","4,878.0",11.76
Sarrat,Ilocos Norte,MALE,"8,987.0","8,980",-7.0,-0.08
Sasmuan (Sexmoan),Pampanga,MALE,"10,996.0","11,514",518.0,4.71
Science City Of Munoz,Nueva Ecija,MALE,"26,687.0","27,796","1,109.0",4.16
Sebaste,Antique,MALE,"6,294.0","6,489",195.0,3.1
Sen. Ninoy Aquino,Sultan Kudarat,MALE,"14,544.0","15,715","1,171.0",8.05
Sergio Osmena Sr.,Zamboanga Del Norte,MALE,"10,657.0","11,471",814.0,7.64
Sevilla,Bohol,MALE,"4,108.0","4,174",66.0,1.61
Shariff Aguak (Maganoy),Maguindanao,MALE,"8,477.0","10,160","1,683.0",19.85
Shariff Saydona Mustapha,Maguindanao,MALE,"4,128.0","4,567",439.0,10.63
Siasi,Sulu,MALE,"13,057.0","14,664","1,607.0",12.31
Siaton,Negros Oriental,MALE,"25,519.0","26,192",673.0,2.64
Siay,Zamboanga Sibugay,MALE,"13,390.0","14,823","1,433.0",10.7
Siayan,Zamboanga Del Norte,MALE,"11,263.0","12,993","1,730.0",15.36
Sibagat,Agusan Del Sur,MALE,"10,195.0","10,344",149.0,1.46
Sibalom,Antique,MALE,"18,076.0","19,515","1,439.0",7.96
Sibonga,Cebu,MALE,"14,974.0","16,272","1,298.0",8.67
Sibuco,Zamboanga Del Norte,MALE,"12,615.0","15,112","2,497.0",19.79
Sibulan,Negros Oriental,MALE,"15,171.0","17,141","1,970.0",12.99
Sibunag,Guimaras,MALE,"7,426.0","7,816",390.0,5.25
Sibutad,Zamboanga Del Norte,MALE,"6,749.0","7,005",256.0,3.79
Sibutu,Tawi-Tawi,MALE,"8,445.0","8,808",363.0,4.3
Sierra Bullones,Bohol,MALE,"8,512.0","8,989",477.0,5.6
Sigay,Ilocos Sur,MALE,"1,145.0","1,176",31.0,2.71
Sigma,Capiz,MALE,"11,002.0","11,456",454.0,4.13
Sikatuna,Bohol,MALE,"2,590.0","2,600",10.0,0.39
Silago,Southern Leyte,MALE,"4,805.0","4,991",186.0,3.87
Silang,Cavite,MALE,"63,972.0","70,452","6,480.0",10.13
Silay City,Negros Occidental,MALE,"41,919.0","43,746","1,827.0",4.36
Silvino Lobos,Northern Samar,MALE,"5,445.0","5,218",-227.0,-4.17
Simunul,Tawi-Tawi,MALE,"7,016.0","7,915",899.0,12.81
Sinacaban,Misamis Occidental,MALE,"7,397.0","7,604",207.0,2.8
Sinait,Ilocos Sur,MALE,"9,155.0","9,369",214.0,2.34
Sindangan,Zamboanga Del Norte,MALE,"31,375.0","36,522","5,147.0",16.4
Siniloan,Laguna,MALE,"12,437.0","13,572","1,135.0",9.13
Siocon,Zamboanga Del Norte,MALE,"14,584.0","14,673",89.0,0.61
Sipalay City,Negros Occidental,MALE,"24,428.0","27,100","2,672.0",10.94
Sipocot,Camarines Sur,MALE,"19,511.0","21,104","1,593.0",8.16
Siquijor,Siquijor,MALE,"10,507.0","10,920",413.0,3.93
Sirawai,Zamboanga Del Norte,MALE,"12,199.0","12,643",444.0,3.64
Siruma,Camarines Sur,MALE,"6,873.0","7,602",729.0,10.61
Sison,Pangasinan,MALE,"15,245.0","16,493","1,248.0",8.19
Sison,Surigao Del Norte,MALE,"5,609.0","6,207",598.0,10.66
Sitangkai,Tawi-Tawi,MALE,"12,393.0","13,486","1,093.0",8.82
Socorro,Oriental Mindoro,MALE,"11,176.0","12,205","1,029.0",9.21
Socorro,Surigao Del Norte,MALE,"8,366.0","8,916",550.0,6.57
Sofronio Espanola,Palawan,MALE,"10,933.0","11,586",653.0,5.97
Sogod,Cebu,MALE,"11,582.0","12,275",693.0,5.98
Sogod,Southern Leyte,MALE,"17,080.0","16,495",-585.0,-3.43
Solana,Cagayan,MALE,"23,890.0","24,512",622.0,2.6
Solano,Nueva Vizcaya,MALE,"18,896.0","19,882",986.0,5.22
Solsona,Ilocos Norte,MALE,"8,931.0","9,478",547.0,6.12
Sominot (Don Mariano Marcos),Zamboanga Del Sur,MALE,"5,387.0","5,680",293.0,5.44
Sorsogon City,Sorsogon,MALE,"48,331.0","54,328","5,997.0",12.41
South Ubian,Tawi-Tawi,MALE,"6,516.0","7,396",880.0,13.51
South Upi,Maguindanao,MALE,"14,487.0","16,847","2,360.0",16.29
Sual,Pangasinan,MALE,"14,872.0","16,213","1,341.0",9.02
Subic,Zambales,MALE,"31,314.0","32,397","1,083.0",3.46
Sudipen,La Union,MALE,"7,182.0","7,226",44.0,0.61
Sugbongcogon,Misamis Oriental,MALE,"4,278.0","4,447",169.0,3.95
Sugpon,Ilocos Sur,MALE,"1,391.0","1,464",73.0,5.25
Sulat,Eastern Samar,MALE,"6,025.0","6,211",186.0,3.09
Sulop,Davao Del Sur,MALE,"11,681.0","12,193",512.0,4.38
Sultan Dumalondong,Lanao Del Sur,MALE,"2,855.0","3,733",878.0,30.75
Sultan Kudarat (Nuling),Maguindanao,MALE,"25,626.0","30,432","4,806.0",18.75
Sultan Mastura,Maguindanao,MALE,"7,876.0","8,622",746.0,9.47
Sultan Naga Dimaporo  (Karomatan),Lanao Del Norte,MALE,"13,065.0","15,524","2,459.0",18.82
Sultan Sa Barongis (Lambayong),Maguindanao,MALE,"7,572.0","9,577","2,005.0",26.48
Sumilao,Bukidnon,MALE,"8,945.0","9,675",730.0,8.16
Sumisip,Basilan,MALE,"11,483.0","11,499",16.0,0.14
Surallah,South Cotabato,MALE,"26,450.0","28,089","1,639.0",6.2
Surigao City,Surigao Del Norte,MALE,"51,274.0","54,110","2,836.0",5.53
Suyo,Ilocos Sur,MALE,"3,912.0","3,969",57.0,1.46
T`Boli,South Cotabato,MALE,"28,394.0","14,690","-13,704.0",-48.26
Taal,Batangas,MALE,"18,071.0","18,714",643.0,3.56
Tabaco  City,Albay,MALE,"38,190.0","42,370","4,180.0",10.95
Tabango,Leyte,MALE,"11,584.0","12,350",766.0,6.61
Tabina,Zamboanga Del Sur,MALE,"7,636.0","8,916","1,280.0",16.76
Tabogon,Cebu,MALE,"13,704.0","14,543",839.0,6.12
Tabontabon,Leyte,MALE,"4,502.0","4,945",443.0,9.84
Tabuan-Lasa,Basilan,MALE,"7,346.0","8,437","1,091.0",14.85
Tabuelan,Cebu,MALE,"9,970.0","10,522",552.0,5.54
Tabuk City,Kalinga,MALE,"30,840.0","34,721","3,881.0",12.58
Tacloban City,Leyte,MALE,"68,259.0","70,882","2,623.0",3.84
Tacurong City,Sultan Kudarat,MALE,"28,219.0","30,273","2,054.0",7.28
Tadian,Mountain Province,MALE,"6,668.0","6,628",-40.0,-0.6
Taft,Eastern Samar,MALE,"7,343.0","7,647",304.0,4.14
Tagana-An,Surigao Del Norte,MALE,"6,646.0","6,974",328.0,4.94
Tagapul-An,Samar (Western Samar),MALE,"4,255.0","4,204",-51.0,-1.2
Tagaytay City,Cavite,MALE,"24,638.0","24,402",-236.0,-0.96
Tagbilaran City,Bohol,MALE,"31,446.0","33,491","2,045.0",6.5
Tagbina,Surigao Del Sur,MALE,"13,445.0","14,575","1,130.0",8.4
Tagkawayan,Quezon,MALE,"16,613.0","17,742","1,129.0",6.8
Tago,Surigao Del Sur,MALE,"13,776.0","14,980","1,204.0",8.74
Tagoloan,Lanao Del Norte,MALE,"4,705.0","4,601",-104.0,-2.21
Tagoloan,Lanao Del Sur,MALE,"6,388.0","10,497","4,109.0",64.32
Tagoloan,Misamis Oriental,MALE,"21,317.0","24,184","2,867.0",13.45
Tagudin,Ilocos Sur,MALE,"12,667.0","13,909","1,242.0",9.81
Taguig City,Ncr,MALE,"197,741.0","203,860","6,119.0",3.09
Talacogon,Agusan Del Sur,MALE,"11,503.0","12,003",500.0,4.35
Talaingod,Davao (Davao Del Norte),MALE,"6,809.0","9,211","2,402.0",35.28
Talakag,Bukidnon,MALE,"22,524.0","23,615","1,091.0",4.84
Talalora,Samar (Western Samar),MALE,"3,535.0","3,569",34.0,0.96
Talavera,Nueva Ecija,MALE,"40,149.0","46,208","6,059.0",15.09
Talayan,Maguindanao,MALE,"6,133.0","9,181","3,048.0",49.7
Talibon,Bohol,MALE,"18,358.0","20,741","2,383.0",12.98
Talipao,Sulu,MALE,"12,407.0","14,192","1,785.0",14.39
Talisay,Batangas,MALE,"13,596.0","14,113",517.0,3.8
Talisay,Camarines Norte,MALE,"7,744.0","8,510",766.0,9.89
Talisay City,Cebu,MALE,"65,272.0","70,964","5,692.0",8.72
Talisay City,Negros Occidental,MALE,"31,253.0","31,713",460.0,1.47
Talisayan,Misamis Oriental,MALE,"9,923.0","10,137",214.0,2.16
Talitay,Maguindanao,MALE,"5,686.0","10,457","4,771.0",83.91
Talugtug,Nueva Ecija,MALE,"7,894.0","8,414",520.0,6.59
Talusan,Zamboanga Sibugay,MALE,"5,222.0","5,531",309.0,5.92
Tambulig,Zamboanga Del Sur,MALE,"12,127.0","12,914",787.0,6.49
Tampakan,South Cotabato,MALE,"13,762.0","14,722",960.0,6.98
Tamparan,Lanao Del Sur,MALE,"7,425.0","9,897","2,472.0",33.29
Tampilisan,Zamboanga Del Norte,MALE,"8,578.0","8,462",-116.0,-1.35
Tanauan,Leyte,MALE,"18,437.0","18,987",550.0,2.98
Tanauan  City,Batangas,MALE,"54,670.0","65,188","10,518.0",19.24
Tanay,Rizal,MALE,"33,697.0","34,083",386.0,1.15
Tandag City,Surigao Del Sur,MALE,"19,793.0","22,142","2,349.0",11.87
Tandubas,Tawi-Tawi,MALE,"6,306.0","7,077",771.0,12.23
Tangalan,Aklan,MALE,"7,007.0","7,660",653.0,9.32
Tangcal,Lanao Del Norte,MALE,"3,455.0","4,782","1,327.0",38.41
Tangub City,Misamis Occidental,MALE,"19,399.0","21,716","2,317.0",11.94
Tanjay City,Negros Oriental,MALE,"27,174.0","28,151",977.0,3.6
Tantangan,South Cotabato,MALE,"13,327.0","24,089","10,762.0",80.75
Tanudan,Kalinga,MALE,"4,909.0","5,702",793.0,16.15
Tanza,Cavite,MALE,"64,266.0","72,583","8,317.0",12.94
Tapaz,Capiz,MALE,"18,144.0","18,425",281.0,1.55
Tapul,Sulu,MALE,"3,685.0","5,663","1,978.0",53.68
Taraka,Lanao Del Sur,MALE,"4,838.0","5,202",364.0,7.52
Tarangnan,Samar (Western Samar),MALE,"10,044.0","10,212",168.0,1.67
Tarragona,Davao Oriental,MALE,"10,056.0","10,542",486.0,4.83
Tayabas City,Quezon,MALE,"28,761.0","33,078","4,317.0",15.01
Tayasan,Negros Oriental,MALE,"12,091.0","12,620",529.0,4.38
Taysan,Batangas,MALE,"13,224.0","14,380","1,156.0",8.74
Taytay,Palawan,MALE,"23,100.0","25,972","2,872.0",12.43
Taytay,Rizal,MALE,"68,198.0","67,453",-745.0,-1.09
Tayug,Pangasinan,MALE,"14,034.0","14,703",669.0,4.77
Tayum,Abra,MALE,"5,284.0","5,392",108.0,2.04
Teresa,Rizal,MALE,"19,396.0","22,580","3,184.0",16.42
Ternate,Cavite,MALE,"7,760.0","8,603",843.0,10.86
Tiaong,Quezon,MALE,"26,970.0","30,990","4,020.0",14.91
Tibiao,Antique,MALE,"8,702.0","9,127",425.0,4.88
Tigaon,Camarines Sur,MALE,"16,938.0","19,408","2,470.0",14.58
Tigbao,Zamboanga Del Sur,MALE,"6,574.0","7,186",612.0,9.31
Tigbauan,Iloilo,MALE,"18,896.0","19,925","1,029.0",5.45
Tinambac,Camarines Sur,MALE,"20,192.0","22,696","2,504.0",12.4
Tineg,Abra,MALE,"1,683.0","1,721",38.0,2.26
Tinglayan,Kalinga,MALE,"4,804.0","6,084","1,280.0",26.64
Tingloy,Batangas,MALE,"5,771.0","5,703",-68.0,-1.18
Tinoc,Ifugao,MALE,"5,245.0","6,272","1,027.0",19.58
Tipo-Tipo,Basilan,MALE,"5,761.0","8,197","2,436.0",42.28
Titay,Zamboanga Sibugay,MALE,"17,988.0","17,480",-508.0,-2.82
Tiwi,Albay,MALE,"17,248.0","18,100",852.0,4.94
Tobias Fornier (Dao),Antique,MALE,"8,902.0","9,528",626.0,7.03
Toboso,Negros Occidental,MALE,"14,808.0","15,763",955.0,6.45
Toledo City,Cebu,MALE,"57,103.0","58,628","1,525.0",2.67
Tolosa,Leyte,MALE,"7,568.0","7,729",161.0,2.13
Tomas Oppus,Southern Leyte,MALE,"5,861.0","6,238",377.0,6.43
Tongkil,Sulu,MALE,"6,486.0","6,726",240.0,3.7
Torrijos,Marinduque,MALE,"9,288.0","10,346","1,058.0",11.39
Trece Martires City,Cavite,MALE,"38,608.0","53,952","15,344.0",39.74
Trento,Agusan Del Sur,MALE,"16,972.0","17,732",760.0,4.48
Trinidad,Bohol,MALE,"10,878.0","11,856",978.0,8.99
Tuao,Cagayan,MALE,"18,894.0","19,559",665.0,3.52
Tuba,Benguet,MALE,"13,530.0","14,008",478.0,3.53
Tubajon,Dinagat Islands,MALE,"3,183.0","3,489",306.0,9.61
Tubao,La Union,MALE,"9,503.0","10,191",688.0,7.24
Tubaran,Lanao Del Sur,MALE,"4,630.0","5,531",901.0,19.46
Tubay,Agusan Del Norte,MALE,"11,512.0","12,101",589.0,5.12
Tubigon,Bohol,MALE,"15,224.0","16,116",892.0,5.86
Tublay,Benguet,MALE,"5,398.0","5,742",344.0,6.37
Tubo,Abra,MALE,"1,984.0","2,115",131.0,6.6
Tubod,Lanao Del Norte,MALE,"13,936.0","14,606",670.0,4.81
Tubod,Surigao Del Norte,MALE,"5,545.0","5,726",181.0,3.26
Tubungan,Iloilo,MALE,"7,094.0","7,421",327.0,4.61
Tuburan,Basilan,MALE,"2,551.0","3,393",842.0,33.01
Tuburan,Cebu,MALE,"24,120.0","24,066",-54.0,-0.22
Tudela,Cebu,MALE,"4,289.0","4,339",50.0,1.17
Tudela,Misamis Occidental,MALE,"9,549.0","9,477",-72.0,-0.75
Tugaya,Lanao Del Sur,MALE,"6,370.0","6,971",601.0,9.43
Tuguegarao City,Cagayan,MALE,"43,158.0","45,361","2,203.0",5.1
Tukuran,Zamboanga Del Sur,MALE,"13,227.0","15,175","1,948.0",14.73
Tulunan,Cotabato (North Cotabato),MALE,"17,984.0","19,755","1,771.0",9.85
Tumauini,Isabela,MALE,"21,270.0","23,640","2,370.0",11.14
Tunga,Leyte,MALE,"3,367.0","3,592",225.0,6.68
Tungawan,Zamboanga Sibugay,MALE,"13,973.0","15,525","1,552.0",11.11
Tupi,South Cotabato,MALE,"22,594.0","31,058","8,464.0",37.46
Turtle Islands,Tawi-Tawi,MALE,"3,468.0","4,848","1,380.0",39.79
Tuy,Batangas,MALE,"14,968.0","14,710",-258.0,-1.72
Ubay,Bohol,MALE,"23,208.0","24,574","1,366.0",5.89
Umingan,Pangasinan,MALE,"25,417.0","28,019","2,602.0",10.24
Ungkaya Pukan,Basilan,MALE,"5,056.0","5,555",499.0,9.87
Unisan,Quezon,MALE,"8,640.0","9,013",373.0,4.32
Upi,Maguindanao,MALE,"20,328.0","23,704","3,376.0",16.61
Urbiztondo,Pangasinan,MALE,"16,820.0","19,447","2,627.0",15.62
Urdaneta City,Pangasinan,MALE,"43,214.0","47,843","4,629.0",10.71
Uson,Masbate,MALE,"17,339.0","17,330",-9.0,-0.05
Uyugan,Batanes,MALE,556.0,633,77.0,13.85
Valderrama,Antique,MALE,"6,814.0","7,124",310.0,4.55
Valencia,Bohol,MALE,"8,469.0","9,083",614.0,7.25
Valencia  City,Bukidnon,MALE,"56,972.0","63,061","6,089.0",10.69
Valencia (Luzurriaga),Negros Oriental,MALE,"12,825.0","13,181",356.0,2.78
Valladolid,Negros Occidental,MALE,"12,163.0","12,339",176.0,1.45
Vallehermoso,Negros Oriental,MALE,"11,932.0","12,258",326.0,2.73
Veruela,Agusan Del Sur,MALE,"11,843.0","11,701",-142.0,-1.2
Victoria,Laguna,MALE,"13,336.0","14,454","1,118.0",8.38
Victoria,Northern Samar,MALE,"6,088.0","6,199",111.0,1.82
Victoria,Oriental Mindoro,MALE,"15,682.0","16,290",608.0,3.88
Victoria,Tarlac,MALE,"19,247.0","20,039",792.0,4.11
Victorias City,Negros Occidental,MALE,"30,680.0","30,243",-437.0,-1.42
Viga,Catanduanes,MALE,"8,629.0","8,655",26.0,0.3
Vigan City,Ilocos Sur,MALE,"15,216.0","16,591","1,375.0",9.04
Villaba,Leyte,MALE,"16,036.0","15,827",-209.0,-1.3
Villanueva,Misamis Oriental,MALE,"11,339.0","12,724","1,385.0",12.21
Villareal,Samar (Western Samar),MALE,"10,196.0","10,827",631.0,6.19
Villasis,Pangasinan,MALE,"20,663.0","22,297","1,634.0",7.91
Villaverde,Nueva Vizcaya,MALE,"5,678.0","5,971",293.0,5.16
Villaviciosa,Abra,MALE,"2,322.0","2,370",48.0,2.07
Vincenzo A. Sagun,Zamboanga Del Sur,MALE,"7,427.0","7,731",304.0,4.09
Vintar,Ilocos Norte,MALE,"11,272.0","11,225",-47.0,-0.42
Vinzons,Camarines Norte,MALE,"12,726.0","14,144","1,418.0",11.14
Virac,Catanduanes,MALE,"24,298.0","25,491","1,193.0",4.91
Wao,Lanao Del Sur,MALE,"19,619.0","21,293","1,674.0",8.53
Zamboanga City,Zamboanga Del Sur,MALE,"220,269.0","209,861","-10,408.0",-4.73
Zamboanguita,Negros Oriental,MALE,"9,082.0","9,781",699.0,7.7
Zaragoza,Nueva Ecija,MALE,"14,618.0","15,059",441.0,3.02
Zarraga,Iloilo,MALE,"8,348.0","9,259",911.0,10.91
Zumarraga,Samar (Western Samar),MALE,"7,077.0","7,532",455.0,6.43
